channel_id,name,badge_months,badge,badge_tooltip,milestone_months,tier,tier_source,revenue_note,streams_seen,messages,superchats,first_seen,last_seen,joined_in_period,gift_received,url
UCMVlO53pNbGhxBJoRax3UJQ,@piyocchi,6,6ヶ月,Member (6 months),,不明,,,14,1087,4,2026-09-15 22:00,2026-10-09 00:00,,,https://www.youtube.com/channel/UCMVlO53pNbGhxBJoRax3UJQ
UC0dQJo7UprINf_g-nA9Zbqg,@ポテチの子-h2i,6,6ヶ月,Member (6 months),,不明,,,14,182,1,2026-09-15 22:00,2026-10-09 00:00,,,https://www.youtube.com/channel/UC0dQJo7UprINf_g-nA9Zbqg
UC9wUPOB3PQzvbG-JR_YfNSg,@yuyu.·mya,6,6ヶ月,Member (6 months),,不明,,,14,688,5,2026-09-15 22:00,2026-10-09 00:00,,,https://www.youtube.com/channel/UC9wUPOB3PQzvbG-JR_YfNSg
UC6MEL_foCQH02r3U7cs3Ogw,@aym9473,6,6ヶ月,Member (6 months),,不明,,,13,726,11,2026-09-15 22:00,2026-10-09 00:00,,,https://www.youtube.com/channel/UC6MEL_foCQH02r3U7cs3Ogw
UC8zerbf99llfrHvvShOtYqg,@ユヅキキキ,6,6ヶ月,Member (6 months),,不明,,,13,268,0,2026-09-15 22:00,2026-10-09 00:00,,,https://www.youtube.com/channel/UC8zerbf99llfrHvvShOtYqg
UCi9WHMwDHb5Rq_rmqWaWAwg,@ikokoma62,6,6ヶ月,Member (6 months),,不明,,,13,496,0,2026-09-15 22:00,2026-10-09 00:00,,,https://www.youtube.com/channel/UCi9WHMwDHb5Rq_rmqWaWAwg
UCOEgMtu35XKvZ21qXa6mN0g,@__nekoneko__,6,6ヶ月,Member (6 months),,不明,,,12,877,11,2026-09-15 22:00,2026-10-09 00:00,,,https://www.youtube.com/channel/UCOEgMtu35XKvZ21qXa6mN0g
UCnpVirj9rluWjQsVVLu_iYQ,@chitaya_taya,6,6ヶ月,Member (6 months),,不明,,,11,111,1,2026-09-15 22:00,2026-10-05 23:31,,,https://www.youtube.com/channel/UCnpVirj9rluWjQsVVLu_iYQ
UC30vN_gcuQEadRg3DsEW4_g,@myaisuki,6,6ヶ月,Member (6 months),,不明,,,11,174,4,2026-09-15 22:00,2026-10-08 00:00,,,https://www.youtube.com/channel/UC30vN_gcuQEadRg3DsEW4_g
UCJVAhHLHqICoEyoQeY5dIQg,@lune1004,6,6ヶ月,Member (6 months),,不明,,,11,92,3,2026-09-15 22:00,2026-10-09 00:00,,,https://www.youtube.com/channel/UCJVAhHLHqICoEyoQeY5dIQg
UCxAFiCPyDz-E8gNmoivg5Sw,@0004h,6,6ヶ月,Member (6 months),,不明,,,11,35,2,2026-09-15 22:00,2026-10-09 00:00,,,https://www.youtube.com/channel/UCxAFiCPyDz-E8gNmoivg5Sw
UCODCOr62loeAYnjTrNMO3AQ,@nuo_030,6,6ヶ月,Member (6 months),,不明,,,10,35,0,2026-09-15 22:00,2026-10-09 00:00,,,https://www.youtube.com/channel/UCODCOr62loeAYnjTrNMO3AQ
UCrhDt8Um8bR67wDLBHWQufQ,@mochimaki9509,6,6ヶ月,Member (6 months),,不明,,,9,39,0,2026-09-15 22:00,2026-10-03 13:31,,,https://www.youtube.com/channel/UCrhDt8Um8bR67wDLBHWQufQ
UCO-y7MQ7Qxwc0YD0oQjg2fA,@茉冬-まふゆ,6,6ヶ月,Member (6 months),,不明,,,9,324,2,2026-09-15 22:00,2026-10-09 00:00,,,https://www.youtube.com/channel/UCO-y7MQ7Qxwc0YD0oQjg2fA
UCJhLaRkXa0mhLqHdTXOTnfQ,@sumu0xx,6,6ヶ月,Member (6 months),,不明,,,8,67,0,2026-09-15 22:00,2026-10-04 23:00,,,https://www.youtube.com/channel/UCJhLaRkXa0mhLqHdTXOTnfQ
UCQurPSSDe40z8pN_FIui3Fg,@きゅうりの妖精-mya,6,6ヶ月,Member (6 months),,不明,,,8,132,0,2026-09-15 22:00,2026-10-09 00:00,,,https://www.youtube.com/channel/UCQurPSSDe40z8pN_FIui3Fg
UC4pxdMK7Ug9a61IWNeAtO1g,@Zutchan22,6,6ヶ月,Member (6 months),,不明,,,8,17,0,2026-09-18 20:20,2026-10-08 00:00,,,https://www.youtube.com/channel/UC4pxdMK7Ug9a61IWNeAtO1g
UChiFSflxkDqFe9ZR8ntX_yw,@dendenmusi2023,6,6ヶ月,Member (6 months),,不明,,,7,388,2,2026-09-15 22:00,2026-10-08 00:00,,,https://www.youtube.com/channel/UChiFSflxkDqFe9ZR8ntX_yw
UClWxAIahec_8bw_UFu2XgMw,@hiro519sid,6,6ヶ月,Member (6 months),,不明,,,7,21,0,2026-09-15 22:00,2026-10-08 00:00,,,https://www.youtube.com/channel/UClWxAIahec_8bw_UFu2XgMw
UCzTqWTLv-nhecFhndh2d_rw,@napakote-4310,6,6ヶ月,Member (6 months),,不明,,,7,10,0,2026-09-15 22:00,2026-10-09 00:00,,,https://www.youtube.com/channel/UCzTqWTLv-nhecFhndh2d_rw
UCoToHCBpLdATQgTdPqYpQ3A,@ぴぴたゃ-p3,6,6ヶ月,Member (6 months),,不明,,,7,151,2,2026-09-15 22:00,2026-10-08 00:00,,,https://www.youtube.com/channel/UCoToHCBpLdATQgTdPqYpQ3A
UC9SvHzvyn90WQi3OTpD6JMg,@shiro_oo-10,6,6ヶ月,Member (6 months),,不明,,,6,10,0,2026-09-15 22:00,2026-10-04 23:00,,,https://www.youtube.com/channel/UC9SvHzvyn90WQi3OTpD6JMg
UC-eTblVN1Ys1QUvcHA2K-Wg,@mm-kp7mn,6,6ヶ月,Member (6 months),,不明,,,6,15,0,2026-09-15 22:00,2026-10-09 00:00,,,https://www.youtube.com/channel/UC-eTblVN1Ys1QUvcHA2K-Wg
UCroRorWg67f5qiMP98PTtcg,@flukufluke,6,6ヶ月,Member (6 months),,不明,,,6,25,2,2026-09-15 22:00,2026-10-05 23:31,,,https://www.youtube.com/channel/UCroRorWg67f5qiMP98PTtcg
UCTb3KQ48Evlkg4a2n_u6Wyw,@Hichaひちゃ,6,6ヶ月,Member (6 months),,不明,,,6,39,0,2026-09-15 22:00,2026-10-08 00:00,,,https://www.youtube.com/channel/UCTb3KQ48Evlkg4a2n_u6Wyw
UCUEs8lXl9cD2HJhQYPKml0A,@mamepaaan,6,6ヶ月,Member (6 months),,不明,,,6,21,0,2026-09-18 22:16,2026-10-09 00:00,,,https://www.youtube.com/channel/UCUEs8lXl9cD2HJhQYPKml0A
UCmu7ebj1_BDGRB69lfCijhw,@Loiz712,6,6ヶ月,Member (6 months),,不明,,,5,10,0,2026-09-15 22:00,2026-10-04 23:00,,,https://www.youtube.com/channel/UCmu7ebj1_BDGRB69lfCijhw
UCDH3hw_9AlyKAEEceOGS5tw,@しろあん-p23,6,6ヶ月,Member (6 months),,不明,,,5,81,2,2026-09-15 22:00,2026-10-04 23:00,,,https://www.youtube.com/channel/UCDH3hw_9AlyKAEEceOGS5tw
UC5KyXoONoQrnTSQcnPvoq9Q,@ppぽっぷるpp,6,6ヶ月,Member (6 months),,不明,,,5,28,2,2026-09-15 22:00,2026-10-05 23:31,,,https://www.youtube.com/channel/UC5KyXoONoQrnTSQcnPvoq9Q
UC5HduuqoA8IeEN2E6NJ7FeQ,@kumo_ito,6,6ヶ月,Member (6 months),,不明,,,5,25,0,2026-09-15 22:00,2026-09-26 20:45,,,https://www.youtube.com/channel/UC5HduuqoA8IeEN2E6NJ7FeQ
UC6KpmK457SGc2pL_vkNbyKg,@kirakira_kasutera_630,6,6ヶ月,Member (6 months),,不明,,,4,13,0,2026-09-15 22:00,2026-10-08 00:00,,,https://www.youtube.com/channel/UC6KpmK457SGc2pL_vkNbyKg
UCaOVruANV4Ej9VEMwKLgUPA,@皐-kou-3b1e,6,6ヶ月,Member (6 months),,不明,,,4,26,1,2026-09-15 22:00,2026-10-08 00:00,,,https://www.youtube.com/channel/UCaOVruANV4Ej9VEMwKLgUPA
UCkASpeU2Bw4YDxhnSNggN5A,@めそ_meso,6,6ヶ月,Member (6 months),,不明,,,4,15,1,2026-09-15 22:00,2026-10-09 00:00,,,https://www.youtube.com/channel/UCkASpeU2Bw4YDxhnSNggN5A
UCgqTIxWQM6IuR3TEhFdp_6w,@vgnk424,6,6ヶ月,Member (6 months),,不明,,,4,57,0,2026-09-18 20:20,2026-09-22 21:00,,,https://www.youtube.com/channel/UCgqTIxWQM6IuR3TEhFdp_6w
UCCJCrAEZnPYBjIts9Dt1ipg,@えそら_n9z,6,6ヶ月,Member (6 months),,不明,,,4,12,0,2026-09-18 20:20,2026-09-21 00:19,,,https://www.youtube.com/channel/UCCJCrAEZnPYBjIts9Dt1ipg
UCtNAIoSZ65Z83ahWKgcHZLg,@nozomilove4965,6,6ヶ月,Member (6 months),,不明,,,3,7,0,2026-09-15 22:00,2026-10-04 23:00,,,https://www.youtube.com/channel/UCtNAIoSZ65Z83ahWKgcHZLg
UC8WbyuknSlDP43vRNG765pg,@uyukuku,6,6ヶ月,Member (6 months),,不明,,,3,131,2,2026-09-15 22:00,2026-09-18 22:16,,,https://www.youtube.com/channel/UC8WbyuknSlDP43vRNG765pg
UCRUH8APLhZFvmqGEueHHfhQ,@0222_g3y,6,6ヶ月,Member (6 months),,不明,,,3,4,0,2026-09-15 22:00,2026-10-05 23:31,,,https://www.youtube.com/channel/UCRUH8APLhZFvmqGEueHHfhQ
UCFll_Z5lCWCsJhQMNqozPHw,@fちゃんs2,6,6ヶ月,Member (6 months),,不明,,,3,123,1,2026-09-15 22:00,2026-10-04 23:00,,,https://www.youtube.com/channel/UCFll_Z5lCWCsJhQMNqozPHw
UCRWFB9iUlecpDgurwHJnu8A,@ssssplare,6,6ヶ月,Member (6 months),,不明,,,3,9,0,2026-09-15 22:00,2026-09-22 21:00,,,https://www.youtube.com/channel/UCRWFB9iUlecpDgurwHJnu8A
UCsB9B27brerPTd3xvFv620Q,@まふゆ_f7cfea,6,6ヶ月,Member (6 months),,不明,,,3,21,2,2026-09-15 22:00,2026-09-24 07:01,,,https://www.youtube.com/channel/UCsB9B27brerPTd3xvFv620Q
UCGHyUPRsGJ2P9mWLdCw9Yow,@niku-v3b,6,6ヶ月,Member (6 months),,不明,,,3,12,0,2026-09-15 22:00,2026-09-27 21:30,,,https://www.youtube.com/channel/UCGHyUPRsGJ2P9mWLdCw9Yow
UCKCFElv_AnB92jUuLkJ1ojQ,@ゆゆさん_owo3,6,6ヶ月,Member (6 months),,不明,,,3,16,0,2026-09-18 20:20,2026-09-22 21:00,,,https://www.youtube.com/channel/UCKCFElv_AnB92jUuLkJ1ojQ
UCu2RZngc7Hh5rH8obiC7CyA,@なこぴさん3,6,6ヶ月,Member (6 months),,不明,,,3,30,0,2026-09-18 22:16,2026-10-08 00:00,,,https://www.youtube.com/channel/UCu2RZngc7Hh5rH8obiC7CyA
UCVLNy3S0kXHAF3ThC-04yaQ,@m0y_is2m,6,6ヶ月,Member (6 months),,不明,,,3,8,0,2026-09-20 23:30,2026-09-22 21:00,,,https://www.youtube.com/channel/UCVLNy3S0kXHAF3ThC-04yaQ
UCHaVy9LjmeGZFwM9K_M9bLA,@yohino-ou,6,6ヶ月,Member (6 months),,不明,,,3,8,0,2026-09-22 21:00,2026-10-09 00:00,,,https://www.youtube.com/channel/UCHaVy9LjmeGZFwM9K_M9bLA
UCqbDD8khZ0TLp64cKRnkXJg,@ひぃ._hikaruinu,6,6ヶ月,Member (6 months),,不明,,,2,4,0,2026-09-15 22:00,2026-09-20 23:30,,,https://www.youtube.com/channel/UCqbDD8khZ0TLp64cKRnkXJg
UCM7LCkBhRqbk0Qc5uqnrvhw,@vo_ov_34あやかたん,6,6ヶ月,Member (6 months),,不明,,,2,3,0,2026-09-15 22:00,2026-10-08 00:00,,,https://www.youtube.com/channel/UCM7LCkBhRqbk0Qc5uqnrvhw
UC1WDQ8YPjmaR8GgDl3outag,@はみがき子-b1u,6,6ヶ月,Member (6 months),,不明,,,2,7,0,2026-09-15 22:00,2026-10-04 23:00,,,https://www.youtube.com/channel/UC1WDQ8YPjmaR8GgDl3outag
UCDUVEyHpWzrY8VSRSA29thw,@とおこちゃん,6,6ヶ月,Member (6 months),,不明,,,2,2,1,2026-09-15 22:00,2026-09-18 22:16,,,https://www.youtube.com/channel/UCDUVEyHpWzrY8VSRSA29thw
UCqUmbY-Q8s6FDpOVzZllC-g,@うみ-sea-v3i,6,6ヶ月,Member (6 months),,不明,,,2,35,0,2026-09-18 20:20,2026-10-08 00:00,,,https://www.youtube.com/channel/UCqUmbY-Q8s6FDpOVzZllC-g
UC00GowAK3Rii9d9oTn6WVUA,@Sawa1111-s2,6,6ヶ月,Member (6 months),,不明,,,2,12,0,2026-09-18 20:20,2026-09-24 07:01,,,https://www.youtube.com/channel/UC00GowAK3Rii9d9oTn6WVUA
UCyOdbTpI6Yiq7vM3l4Pentw,@nns_san,6,6ヶ月,Member (6 months),,不明,,,2,3,0,2026-09-18 20:20,2026-09-18 22:16,,,https://www.youtube.com/channel/UCyOdbTpI6Yiq7vM3l4Pentw
UCzMGWR8i1FlbeDBD4n_YNjg,@tongqian0113,6,6ヶ月,Member (6 months),,不明,,,2,3,0,2026-09-18 20:20,2026-09-22 21:00,,,https://www.youtube.com/channel/UCzMGWR8i1FlbeDBD4n_YNjg
UCGUOY1XUhRrlY21hhq4i4kQ,@こにー-y3w,6,6ヶ月,Member (6 months),,不明,,,2,22,1,2026-09-18 20:20,2026-09-18 22:16,,,https://www.youtube.com/channel/UCGUOY1XUhRrlY21hhq4i4kQ
UCISHMV9LC3Nb2j7gEgK5OVQ,@遥花-i7n,6,6ヶ月,Member (6 months),,不明,,,2,6,1,2026-09-18 22:16,2026-10-04 23:00,,,https://www.youtube.com/channel/UCISHMV9LC3Nb2j7gEgK5OVQ
UC0e7IgxyFVQ4A-nXpYQDFgA,@isumisuki,6,6ヶ月,Member (6 months),,不明,,,2,3,0,2026-09-21 00:19,2026-10-08 00:00,,,https://www.youtube.com/channel/UC0e7IgxyFVQ4A-nXpYQDFgA
UCxrWQ8rcWsyMH8ZtzxIVh_w,@なた_AoxoA,6,6ヶ月,Member (6 months),,不明,,,2,4,0,2026-09-21 00:19,2026-09-27 21:30,,,https://www.youtube.com/channel/UCxrWQ8rcWsyMH8ZtzxIVh_w
UCusfSjgMWr1BzD5ah7wO4Ug,@mmmLnTo__m,6,6ヶ月,Member (6 months),,不明,,,2,5,0,2026-09-22 21:00,2026-09-24 07:01,,,https://www.youtube.com/channel/UCusfSjgMWr1BzD5ah7wO4Ug
UC7P5A83YgtX8Hr-5szYa0fw,@Mano1_usa23,6,6ヶ月,Member (6 months),,不明,,,2,50,1,2026-09-22 21:00,2026-09-26 20:45,,,https://www.youtube.com/channel/UC7P5A83YgtX8Hr-5szYa0fw
UCiUBnxWb39pj3iPoROnQLeA,@魔法使いちゃん-e1z,6,6ヶ月,Member (6 months),,不明,,,2,3,0,2026-09-22 21:00,2026-10-04 23:00,,,https://www.youtube.com/channel/UCiUBnxWb39pj3iPoROnQLeA
UCw3udhcwvGiPIA0PZZB7Vag,@kainekyoli,6,6ヶ月,Member (6 months),,不明,,,2,3,0,2026-09-24 07:01,2026-10-08 00:00,,,https://www.youtube.com/channel/UCw3udhcwvGiPIA0PZZB7Vag
UCsrpMzYVo8YZynzszi7WcWg,@DAI_1024,6,6ヶ月,Member (6 months),,不明,,,2,9,0,2026-09-24 07:01,2026-10-08 00:00,,,https://www.youtube.com/channel/UCsrpMzYVo8YZynzszi7WcWg
UCgHE2fS34r30f2Dl8FwdIMQ,@うねぴちゃま,6,6ヶ月,Member (6 months),,不明,,,1,2,0,2026-09-15 22:00,2026-09-15 22:00,,,https://www.youtube.com/channel/UCgHE2fS34r30f2Dl8FwdIMQ
UCceKJv0qAtSslDsMyw8xT4g,@ねむ井-t5y,6,6ヶ月,Member (6 months),,不明,,,1,1,0,2026-09-15 22:00,2026-09-15 22:00,,,https://www.youtube.com/channel/UCceKJv0qAtSslDsMyw8xT4g
UCFYgCbqzQNhpvJmcbLz3ivw,@may__8,6,6ヶ月,Member (6 months),,不明,,,1,1,0,2026-09-15 22:00,2026-09-15 22:00,,,https://www.youtube.com/channel/UCFYgCbqzQNhpvJmcbLz3ivw
UCg_wu9nCw2lcF1GFfoo7qFA,@uni_udon,6,6ヶ月,Member (6 months),,不明,,,1,1,0,2026-09-15 22:00,2026-09-15 22:00,,,https://www.youtube.com/channel/UCg_wu9nCw2lcF1GFfoo7qFA
UCR346pYGhjlkqcbM65mGKiw,@ダヒョンちゃん-v8s,6,6ヶ月,Member (6 months),,不明,,,1,1,0,2026-09-15 22:00,2026-09-15 22:00,,,https://www.youtube.com/channel/UCR346pYGhjlkqcbM65mGKiw
UCDNn76LmWxJNFHmKE4Cz-Xw,@con0074,6,6ヶ月,Member (6 months),,不明,,,1,1,1,2026-09-15 22:00,2026-09-15 22:00,,,https://www.youtube.com/channel/UCDNn76LmWxJNFHmKE4Cz-Xw
UCBfa1h13-oBb7Pfl-CsLtzA,@asukd1579,6,6ヶ月,Member (6 months),,不明,,,1,1,0,2026-09-18 20:20,2026-09-18 20:20,,,https://www.youtube.com/channel/UCBfa1h13-oBb7Pfl-CsLtzA
UCNvCkqKwKmTpfPxOPLBGljg,@はなもも-p1g,6,6ヶ月,Member (6 months),,不明,,,1,3,0,2026-09-18 20:20,2026-09-18 20:20,,,https://www.youtube.com/channel/UCNvCkqKwKmTpfPxOPLBGljg
UCIRZO68PpCkOPwdjqNzZa_Q,@召使い-c5n,6,6ヶ月,Member (6 months),,不明,,,1,16,0,2026-09-18 20:20,2026-09-18 20:20,,,https://www.youtube.com/channel/UCIRZO68PpCkOPwdjqNzZa_Q
UCWmCiyvmcv1kAmRepzwSq8Q,@AG-gon,6,6ヶ月,Member (6 months),,不明,,,1,1,0,2026-09-18 20:20,2026-09-18 20:20,,,https://www.youtube.com/channel/UCWmCiyvmcv1kAmRepzwSq8Q
UCMQCoH2Wn6Eb9_8SojK-BkQ,@nm_kyom,6,6ヶ月,Member (6 months),,不明,,,1,1,0,2026-09-18 20:20,2026-09-18 20:20,,,https://www.youtube.com/channel/UCMQCoH2Wn6Eb9_8SojK-BkQ
UCbd8rFOYY0RXPECeIk3FKYg,@りみLimi,6,6ヶ月,Member (6 months),,不明,,,1,2,0,2026-09-18 20:20,2026-09-18 20:20,,,https://www.youtube.com/channel/UCbd8rFOYY0RXPECeIk3FKYg
UC2bumDT9OIAm7WFvr3muSoA,@彷徨-kanata,6,6ヶ月,Member (6 months),,不明,,,1,1,0,2026-09-18 22:16,2026-09-18 22:16,,,https://www.youtube.com/channel/UC2bumDT9OIAm7WFvr3muSoA
UCeNUom6ZLgh9__In7L-850g,@west_melon1010,6,6ヶ月,Member (6 months),,不明,,,1,3,0,2026-09-18 22:16,2026-09-18 22:16,,,https://www.youtube.com/channel/UCeNUom6ZLgh9__In7L-850g
UCQqzLK1gtYtTVIJ1-QAruUQ,@パフェは飲み物,6,6ヶ月,Member (6 months),,不明,,,1,1,1,2026-09-18 22:16,2026-09-18 22:16,,,https://www.youtube.com/channel/UCQqzLK1gtYtTVIJ1-QAruUQ
UCh9jnjR772QApJzCkaWoAgw,@yomo_mocchi,6,6ヶ月,Member (6 months),,不明,,,1,5,0,2026-09-18 22:16,2026-09-18 22:16,,,https://www.youtube.com/channel/UCh9jnjR772QApJzCkaWoAgw
UCIVoctgOmhEABlZ-KaA_oDA,@myumyumyung,6,6ヶ月,Member (6 months),,不明,,,1,1,0,2026-09-20 23:30,2026-09-20 23:30,,,https://www.youtube.com/channel/UCIVoctgOmhEABlZ-KaA_oDA
UCW6M7Xcn9WA3IjSfzD4yklg,@yptrooo_njsj08,6,6ヶ月,Member (6 months),,不明,,,1,12,0,2026-09-22 21:00,2026-09-22 21:00,,,https://www.youtube.com/channel/UCW6M7Xcn9WA3IjSfzD4yklg
UCPzk8YdzjOXG-wsp6Fkq9bA,@じゅ_た,6,6ヶ月,Member (6 months),,不明,,,1,15,0,2026-09-22 21:00,2026-09-22 21:00,,,https://www.youtube.com/channel/UCPzk8YdzjOXG-wsp6Fkq9bA
UCzShgakPJzQA4DNRwW2icQQ,@よる1220,6,6ヶ月,Member (6 months),,不明,,,1,36,1,2026-09-24 07:01,2026-09-24 07:01,,,https://www.youtube.com/channel/UCzShgakPJzQA4DNRwW2icQQ
UCAYy0Vt42AE81aAYKLk5t0Q,@melonp_zz2,6,6ヶ月,Member (6 months),,不明,,,1,10,0,2026-09-24 07:01,2026-09-24 07:01,,,https://www.youtube.com/channel/UCAYy0Vt42AE81aAYKLk5t0Q
UCHuBYqiXFjI-o67A8_Z_umw,@10ftr3,6,6ヶ月,Member (6 months),,不明,,,1,32,1,2026-09-24 07:01,2026-09-24 07:01,,,https://www.youtube.com/channel/UCHuBYqiXFjI-o67A8_Z_umw
UCXQho9oaiW-wBqwNDNqrtYQ,@海月かづき,6,6ヶ月,Member (6 months),,不明,,,1,7,0,2026-09-24 07:01,2026-09-24 07:01,,,https://www.youtube.com/channel/UCXQho9oaiW-wBqwNDNqrtYQ
UCsYFeQ0FGqGDdRRUN2gyfUQ,@ツナマヨ1069,6,6ヶ月,Member (6 months),,不明,,,1,2,0,2026-09-26 20:45,2026-09-26 20:45,,,https://www.youtube.com/channel/UCsYFeQ0FGqGDdRRUN2gyfUQ
UCCzlZxtU2K0fw8sy8piMWJQ,@zoom-ismn,6,6ヶ月,Member (6 months),,不明,,,1,1,0,2026-09-26 20:45,2026-09-26 20:45,,,https://www.youtube.com/channel/UCCzlZxtU2K0fw8sy8piMWJQ
UCY0e8cc6DCrmCWkEEjgVvfw,@リオ-n5i,6,6ヶ月,Member (6 months),,不明,,,1,1,0,2026-09-27 21:30,2026-09-27 21:30,,,https://www.youtube.com/channel/UCY0e8cc6DCrmCWkEEjgVvfw
UCtuSQNjAlb5OCbrBtE2ayHw,@Aiku11zzz,6,6ヶ月,Member (6 months),,不明,,,1,1,0,2026-10-03 13:31,2026-10-03 13:31,,,https://www.youtube.com/channel/UCtuSQNjAlb5OCbrBtE2ayHw
UC3FtaoTAfbiwPY3osai3yJA,@椿-aaa,6,6ヶ月,Member (6 months),,不明,,,1,1,0,2026-10-03 13:31,2026-10-03 13:31,,,https://www.youtube.com/channel/UC3FtaoTAfbiwPY3osai3yJA
UC1m0XNYyJoOWI9Ckxl5KOYQ,@noyouguxx,6,6ヶ月,Member (6 months),,不明,,,1,3,0,2026-10-04 23:00,2026-10-04 23:00,,,https://www.youtube.com/channel/UC1m0XNYyJoOWI9Ckxl5KOYQ
UCApipVi6meHwbmgm8lgUEfQ,@seiza.hosi3,6,6ヶ月,Member (6 months),,不明,,,1,57,1,2026-10-08 00:00,2026-10-08 00:00,,,https://www.youtube.com/channel/UCApipVi6meHwbmgm8lgUEfQ
UC2u0Wmat2f2W7NlBS42UiXQ,@あいすice_v,6,6ヶ月,Member (6 months),,不明,,,1,2,0,2026-10-08 00:00,2026-10-08 00:00,,,https://www.youtube.com/channel/UC2u0Wmat2f2W7NlBS42UiXQ
UCS7Hl-DlMIZw5TCnmBCUCJA,@ふわふわもちち-r7e,6,6ヶ月,Member (6 months),,不明,,,1,1,0,2026-10-08 00:00,2026-10-08 00:00,,,https://www.youtube.com/channel/UCS7Hl-DlMIZw5TCnmBCUCJA
UCJ4d3YUQI3rfPzZ7D2iYgCA,@ベルズームベル,6,6ヶ月,Member (6 months),,不明,,,1,3,1,2026-10-08 00:00,2026-10-08 00:00,,,https://www.youtube.com/channel/UCJ4d3YUQI3rfPzZ7D2iYgCA
UC332ZcCBlGPg6vPs3hIlwwQ,@てとか-ttk,6,6ヶ月,Member (6 months),,不明,,,1,2,0,2026-10-08 00:00,2026-10-08 00:00,,,https://www.youtube.com/channel/UC332ZcCBlGPg6vPs3hIlwwQ
UC4yQM8hyK52WMdFPWT49Niw,@yupu__0,6,6ヶ月,Member (6 months),,不明,,,1,1,1,2026-10-08 00:00,2026-10-08 00:00,,,https://www.youtube.com/channel/UC4yQM8hyK52WMdFPWT49Niw
UCLXI1OVLZOsf6fWjG2NZfdA,@gruenzo,6,6ヶ月,Member (6 months),,不明,,,1,1,0,2026-10-09 00:00,2026-10-09 00:00,,,https://www.youtube.com/channel/UCLXI1OVLZOsf6fWjG2NZfdA
UC41g2Q4JLqSaL1axzJK-YiA,@ゆにゃん_1223,2,2ヶ月,Member (2 months),,不明,,,13,163,4,2026-09-15 22:00,2026-10-09 00:00,,,https://www.youtube.com/channel/UC41g2Q4JLqSaL1axzJK-YiA
UCZmawvVl8YnGdlPZkqciD-A,@でちまりゅ,2,2ヶ月,Member (2 months),,不明,,,11,107,0,2026-09-15 22:00,2026-10-09 00:00,,,https://www.youtube.com/channel/UCZmawvVl8YnGdlPZkqciD-A
UCkDWRAIcxhOtjvnwwaXW_bg,@mya_かりん,2,2ヶ月,Member (2 months),,不明,,,10,481,0,2026-09-15 22:00,2026-10-09 00:00,,,https://www.youtube.com/channel/UCkDWRAIcxhOtjvnwwaXW_bg
UCYr1PDZP_N0fmnUVv3hIOjQ,@mi.corokke00,2,2ヶ月,Member (2 months),,不明,,,10,167,0,2026-09-15 22:00,2026-10-05 23:31,,,https://www.youtube.com/channel/UCYr1PDZP_N0fmnUVv3hIOjQ
UCyijZvTNc6y5tzOhhhWb0bQ,@rlrl_love,2,2ヶ月,Member (2 months),,不明,,,10,231,2,2026-09-15 22:00,2026-10-09 00:00,,,https://www.youtube.com/channel/UCyijZvTNc6y5tzOhhhWb0bQ
UCL0nN2Py6IO3AznWWCe1JCQ,@ヨイヨイ-c6p,2,2ヶ月,Member (2 months),,不明,,,10,56,0,2026-09-15 22:00,2026-10-09 00:00,,,https://www.youtube.com/channel/UCL0nN2Py6IO3AznWWCe1JCQ
UCc_DJfHsz2Xl3psUanK6_KA,@ちゃろたろ,2,2ヶ月,Member (2 months),,不明,,,9,129,0,2026-09-18 20:20,2026-10-09 00:00,,,https://www.youtube.com/channel/UCc_DJfHsz2Xl3psUanK6_KA
UCfYcf6n3Uc-qWGM2VlQErtQ,@詳しく2,2,2ヶ月,Member (2 months),,不明,,,8,73,0,2026-09-15 22:00,2026-10-08 00:00,,,https://www.youtube.com/channel/UCfYcf6n3Uc-qWGM2VlQErtQ
UC8V59JZOM2lQhIjoUzbpOaw,@unxipu,2,2ヶ月,Member (2 months),,不明,,,8,25,1,2026-09-15 22:00,2026-10-04 23:00,,,https://www.youtube.com/channel/UC8V59JZOM2lQhIjoUzbpOaw
UChQTH_ZzjvjS-PNVfq3eKwg,@叁玙_Sanyo,2,2ヶ月,Member (2 months),,不明,,,8,62,0,2026-09-15 22:00,2026-10-05 23:31,,,https://www.youtube.com/channel/UChQTH_ZzjvjS-PNVfq3eKwg
UCa_IJb0VwW3lC0uZbQlm9ww,@nemu_90,2,2ヶ月,Member (2 months),,不明,,,7,15,0,2026-09-15 22:00,2026-10-08 00:00,,,https://www.youtube.com/channel/UCa_IJb0VwW3lC0uZbQlm9ww
UCcZZd3mjtMPti3NRkOgC1oQ,@myachan_1223,2,2ヶ月,Member (2 months),,不明,,,6,66,0,2026-09-15 22:00,2026-10-08 00:00,,,https://www.youtube.com/channel/UCcZZd3mjtMPti3NRkOgC1oQ
UC61grIGwuPkh2F3on5JfEyg,@宮瀬_miyase8,2,2ヶ月,Member (2 months),,不明,,,6,26,0,2026-09-15 22:00,2026-10-09 00:00,,,https://www.youtube.com/channel/UC61grIGwuPkh2F3on5JfEyg
UCJF6puWenO76C7BYStbem2w,@cheezeachoo,2,2ヶ月,Member (2 months),,不明,,,6,18,0,2026-09-15 22:00,2026-10-09 00:00,,,https://www.youtube.com/channel/UCJF6puWenO76C7BYStbem2w
UCg0IvHxWEksf9VQwllS92Fw,@nzixty_2215,2,2ヶ月,Member (2 months),,不明,,,5,6,0,2026-09-20 23:30,2026-10-09 00:00,,,https://www.youtube.com/channel/UCg0IvHxWEksf9VQwllS92Fw
UCuCnboOustQsCI-C3b-ZVtA,@mochi_nyaaa,2,2ヶ月,Member (2 months),,不明,,,4,11,0,2026-09-15 22:00,2026-10-08 00:00,,,https://www.youtube.com/channel/UCuCnboOustQsCI-C3b-ZVtA
UClbJ7EaQ6rnxPYe5B1NIMJg,@じぇら-t4u,2,2ヶ月,Member (2 months),,不明,,,4,7,0,2026-09-15 22:00,2026-09-27 21:30,,,https://www.youtube.com/channel/UClbJ7EaQ6rnxPYe5B1NIMJg
UCUAmIqgzUQ63cktjXvEkwZQ,@flivineフリブ,2,2ヶ月,Member (2 months),,不明,,,4,4,0,2026-09-21 00:19,2026-09-26 20:45,,,https://www.youtube.com/channel/UCUAmIqgzUQ63cktjXvEkwZQ
UCF85jDNWY83yqEQom8iHkAw,@ayanatsu_17b,2,2ヶ月,Member (2 months),,不明,,,3,162,0,2026-09-15 22:00,2026-09-18 22:16,,,https://www.youtube.com/channel/UCF85jDNWY83yqEQom8iHkAw
UC4FHDRyqrjvHujDqLcWSg4Q,@AME_IS3,2,2ヶ月,Member (2 months),,不明,,,3,11,0,2026-09-15 22:00,2026-09-20 23:30,,,https://www.youtube.com/channel/UC4FHDRyqrjvHujDqLcWSg4Q
UCBdLSL1vyt5YWT5EB4g-T5w,@くまちゃん-b2z,2,2ヶ月,Member (2 months),,不明,,,3,14,0,2026-09-15 22:00,2026-09-27 21:30,,,https://www.youtube.com/channel/UCBdLSL1vyt5YWT5EB4g-T5w
UCejLUI_J883gq_117uXI8eg,@よくねる子_zzz,2,2ヶ月,Member (2 months),,不明,,,3,11,0,2026-09-18 22:16,2026-09-24 07:01,,,https://www.youtube.com/channel/UCejLUI_J883gq_117uXI8eg
UCVv-EevdZzE8HS6EbyHRnMw,@ややや-11,2,2ヶ月,Member (2 months),,不明,,,2,42,0,2026-09-15 22:00,2026-10-08 00:00,,,https://www.youtube.com/channel/UCVv-EevdZzE8HS6EbyHRnMw
UCmN7MQUE4_pNqNgrnE9MJEw,@さくたん-g1m,2,2ヶ月,Member (2 months),,不明,,,2,38,0,2026-09-15 22:00,2026-10-05 23:31,,,https://www.youtube.com/channel/UCmN7MQUE4_pNqNgrnE9MJEw
UC0zdjrfZm6397-hodKBM1GA,@memilsann,2,2ヶ月,Member (2 months),,不明,,,2,9,0,2026-09-15 22:00,2026-10-04 23:00,,,https://www.youtube.com/channel/UC0zdjrfZm6397-hodKBM1GA
UC1sw1aNlBIZeSouW5mtjlBQ,@ろん0o,2,2ヶ月,Member (2 months),,不明,,,2,17,0,2026-09-18 20:20,2026-09-26 20:45,,,https://www.youtube.com/channel/UC1sw1aNlBIZeSouW5mtjlBQ
UCZXJIenIVkWig-qoUpLX_pQ,@kiki-n4k5i,2,2ヶ月,Member (2 months),,不明,,,2,2,0,2026-09-18 20:20,2026-09-20 23:30,,,https://www.youtube.com/channel/UCZXJIenIVkWig-qoUpLX_pQ
UCUqE0lmombaEWpI1S0i2wAQ,@nemumirunyqn,2,2ヶ月,Member (2 months),,不明,,,2,2,0,2026-09-18 22:16,2026-09-20 23:30,,,https://www.youtube.com/channel/UCUqE0lmombaEWpI1S0i2wAQ
UCMQZGmQgGytRMOt7yGOuLQw,@nekozir,2,2ヶ月,Member (2 months),,不明,,,2,9,0,2026-09-18 22:16,2026-09-26 20:45,,,https://www.youtube.com/channel/UCMQZGmQgGytRMOt7yGOuLQw
UCS1eUPQEHYmOA43oB8pLL2g,@fusang_uwu,2,2ヶ月,Member (2 months),,不明,,,2,2,0,2026-09-22 21:00,2026-10-04 23:00,,,https://www.youtube.com/channel/UCS1eUPQEHYmOA43oB8pLL2g
UCkBjPcGESbv_sByubD1NXZA,@虎虎虎虎호호호호,2,2ヶ月,Member (2 months),,不明,,,2,6,0,2026-09-24 07:01,2026-10-05 23:31,,,https://www.youtube.com/channel/UCkBjPcGESbv_sByubD1NXZA
UC3RCSj6GVHjwGASKwBqaRiw,@あやかayk-17,2,2ヶ月,Member (2 months),,不明,,,1,56,1,2026-09-15 22:00,2026-09-15 22:00,,,https://www.youtube.com/channel/UC3RCSj6GVHjwGASKwBqaRiw
UC3TJ2iOrivSRk2gHPruUS5g,@ichumya1uv,2,2ヶ月,Member (2 months),,不明,,,1,12,0,2026-09-15 22:00,2026-09-15 22:00,,,https://www.youtube.com/channel/UC3TJ2iOrivSRk2gHPruUS5g
UCE5vjuWb_oa9QzXCNSdRq2A,@0va8wx0,2,2ヶ月,Member (2 months),,不明,,,1,1,0,2026-09-15 22:00,2026-09-15 22:00,,,https://www.youtube.com/channel/UCE5vjuWb_oa9QzXCNSdRq2A
UCsc8HLlKSEJJTsS65WkAV_Q,@PaRyuu_,2,2ヶ月,Member (2 months),,不明,,,1,1,0,2026-09-18 20:20,2026-09-18 20:20,,,https://www.youtube.com/channel/UCsc8HLlKSEJJTsS65WkAV_Q
UCUd56_oDWVHlHYIVRgsYaXg,@myaumyauO43,2,2ヶ月,Member (2 months),,不明,,,1,1,1,2026-09-22 21:00,2026-09-22 21:00,,,https://www.youtube.com/channel/UCUd56_oDWVHlHYIVRgsYaXg
UC8h-oLh3DWaiK4GFlgmaJ0A,@るた-c,2,2ヶ月,Member (2 months),,不明,,,1,3,0,2026-09-24 07:01,2026-09-24 07:01,,,https://www.youtube.com/channel/UC8h-oLh3DWaiK4GFlgmaJ0A
UCoX2PtdbnqpYu5DlVVz1QaA,@ひかる_t0p1qry,2,2ヶ月,Member (2 months),,不明,,,1,25,0,2026-09-26 20:45,2026-09-26 20:45,,,https://www.youtube.com/channel/UCoX2PtdbnqpYu5DlVVz1QaA
UC6gp6NuR2N-H878lyk17Cmg,@サソリ-DX,2,2ヶ月,Member (2 months),,不明,,,1,5,0,2026-10-04 23:00,2026-10-04 23:00,,,https://www.youtube.com/channel/UC6gp6NuR2N-H878lyk17Cmg
UCBCVORAtqLiM11-ZfgEgm2A,@ゆり-6u6,1,1ヶ月,Member (1 month),,不明,,,7,198,3,2026-09-15 22:00,2026-10-05 23:31,,,https://www.youtube.com/channel/UCBCVORAtqLiM11-ZfgEgm2A
UCAroH1ofeR-Bgi3eJzsagaA,@pome___ra,1,1ヶ月,Member (1 month),,不明,,,6,16,4,2026-09-15 22:00,2026-10-04 23:00,,,https://www.youtube.com/channel/UCAroH1ofeR-Bgi3eJzsagaA
UClYawqTOogSmZDBnPcvJkQQ,@monaka_384,1,1ヶ月,Member (1 month),,不明,,,4,7,0,2026-09-20 23:30,2026-10-09 00:00,,,https://www.youtube.com/channel/UClYawqTOogSmZDBnPcvJkQQ
UC2jY8Qcp8Gn2NNLWL1VlIxw,@chanlim,1,1ヶ月,Member (1 month),,不明,,,3,11,0,2026-09-15 22:00,2026-09-24 07:01,,,https://www.youtube.com/channel/UC2jY8Qcp8Gn2NNLWL1VlIxw
UC_7CKdRsmtKRaebcNvfWhuQ,@Yume_13QwQ,1,1ヶ月,Member (1 month),,くらすみゃいと,新規加入,,3,5,0,2026-09-15 22:00,2026-09-22 21:00,○,,https://www.youtube.com/channel/UC_7CKdRsmtKRaebcNvfWhuQ
UC1_qWlv8Ybj1mnQxnspARSg,@ladyissea,1,1ヶ月,Member (1 month),,不明,,,2,45,0,2026-09-18 20:20,2026-09-18 22:16,,,https://www.youtube.com/channel/UC1_qWlv8Ybj1mnQxnspARSg
UCBz0mAJaB_EbDeqNCbCEWbA,@そらちゃんです-w7w,1,1ヶ月,Member (1 month),,不明,,,2,3,0,2026-09-18 22:16,2026-10-08 00:00,,,https://www.youtube.com/channel/UCBz0mAJaB_EbDeqNCbCEWbA
UCH_or3-Kg9nPYZ5qV4bcLRw,@Ageage_again,1,1ヶ月,Member (1 month),,不明,,,1,48,0,2026-09-15 22:00,2026-09-15 22:00,,,https://www.youtube.com/channel/UCH_or3-Kg9nPYZ5qV4bcLRw
UC0eCBWlkOYKrvQH_MG9cyfQ,@pero_mya,1,1ヶ月,Member (1 month),,不明,,,1,1,0,2026-09-20 23:30,2026-09-20 23:30,,,https://www.youtube.com/channel/UC0eCBWlkOYKrvQH_MG9cyfQ
UCGj864JywdJSDF6A7zxCpOw,@じゃむかけごはん,1,1ヶ月,Member (1 month),,不明,,,1,1,1,2026-09-24 07:01,2026-09-24 07:01,,,https://www.youtube.com/channel/UCGj864JywdJSDF6A7zxCpOw
UC2Hz0n889uS7_L7wuzT-70g,@iekaeritai,1,1ヶ月,Member (1 month),,不明,,,1,1,0,2026-10-03 13:31,2026-10-03 13:31,,,https://www.youtube.com/channel/UC2Hz0n889uS7_L7wuzT-70g
UCRZtL9pXnwCj6NcciOhwHcg,@早寝zzz,1,1ヶ月,Member (1 month),,不明,,,1,23,0,2026-10-04 23:00,2026-10-04 23:00,,,https://www.youtube.com/channel/UCRZtL9pXnwCj6NcciOhwHcg
UCdUvkPy8Jq7EVDE8La3fhOQ,@なみ-j5t,1,1ヶ月,Member (1 month),,不明,,,1,7,0,2026-10-08 00:00,2026-10-08 00:00,,,https://www.youtube.com/channel/UCdUvkPy8Jq7EVDE8La3fhOQ
UC_Z5EzlEW2avt9u75-WUCXA,@fuu_ふー,1,1ヶ月,Member (1 month),,不明,,,1,3,0,2026-10-08 00:00,2026-10-08 00:00,,,https://www.youtube.com/channel/UC_Z5EzlEW2avt9u75-WUCXA
UCAHtKVdLrBjsRO7AhlWQ9Xw,@an_chama,0,新規(1ヶ月未満),New member,,不明,,,13,272,0,2026-09-15 22:00,2026-10-09 00:00,,,https://www.youtube.com/channel/UCAHtKVdLrBjsRO7AhlWQ9Xw
UCaKWmZ-O0zFfjpVtHSPBTFg,@flower-mya,0,新規(1ヶ月未満),New member,,不明,,,8,110,0,2026-09-15 22:00,2026-09-27 21:30,,,https://www.youtube.com/channel/UCaKWmZ-O0zFfjpVtHSPBTFg
UC0G7Eh7vqWFHmAomz-f_WlA,@Rii_d7v-q3i,0,新規(1ヶ月未満),New member,,不明,,,6,36,0,2026-09-22 21:00,2026-10-09 00:00,,,https://www.youtube.com/channel/UC0G7Eh7vqWFHmAomz-f_WlA
UCK1P84SURm1i2U4M8bTBXAA,@Sumi_re1225,0,新規(1ヶ月未満),New member,,くらすみゃいと,新規加入,,6,84,0,2026-09-27 21:30,2026-10-09 00:00,○,,https://www.youtube.com/channel/UCK1P84SURm1i2U4M8bTBXAA
UCLTAR4e4SuW13jsUr0wBwxA,@shiro_rirura,0,新規(1ヶ月未満),New member,,不明,,,4,7,0,2026-09-15 22:00,2026-09-27 21:30,,,https://www.youtube.com/channel/UCLTAR4e4SuW13jsUr0wBwxA
UCIQQYJ8tZe65S_b9GNxT5lw,@kimagure4610,0,新規(1ヶ月未満),New member,,不明,,,4,448,1,2026-09-22 21:00,2026-10-09 00:00,,,https://www.youtube.com/channel/UCIQQYJ8tZe65S_b9GNxT5lw
UCZqUJvJ7rXjLBuTaeszNl8w,@めあ-b2w,0,新規(1ヶ月未満),New member,,不明,,,3,5,0,2026-09-18 22:16,2026-10-08 00:00,,,https://www.youtube.com/channel/UCZqUJvJ7rXjLBuTaeszNl8w
UCh3MI-1a6m8vVDT7M1Qz60Q,@7nkinj0,0,新規(1ヶ月未満),New member,,不明,,,3,5,0,2026-09-24 07:01,2026-10-09 00:00,,,https://www.youtube.com/channel/UCh3MI-1a6m8vVDT7M1Qz60Q
UC_LfdCtoPUMXZOi6h1FxlMw,@mya__mumu,0,新規(1ヶ月未満),New member,,不明,,,2,44,0,2026-09-15 22:00,2026-09-24 07:01,,,https://www.youtube.com/channel/UC_LfdCtoPUMXZOi6h1FxlMw
UCetvY15h-hn-D1TcX7BW6ug,@kimmy.0724,0,新規(1ヶ月未満),New member,,不明,,,2,4,1,2026-09-15 22:00,2026-09-24 07:01,,,https://www.youtube.com/channel/UCetvY15h-hn-D1TcX7BW6ug
UCda92o3zwacUSOand8eO6UQ,@オリ-ori,0,新規(1ヶ月未満),New member,,不明,,,2,6,0,2026-09-15 22:00,2026-09-20 23:30,,,https://www.youtube.com/channel/UCda92o3zwacUSOand8eO6UQ
UC6YkM56qYqK45w75gSbldBw,@つむ_t_sumu,0,新規(1ヶ月未満),New member,,不明,,,2,26,0,2026-09-20 23:30,2026-09-21 00:19,,,https://www.youtube.com/channel/UC6YkM56qYqK45w75gSbldBw
UCG5XbkZtt-dH98uPwDldSTQ,@にろ_0814,0,新規(1ヶ月未満),New member,,不明,,,2,6,0,2026-09-20 23:30,2026-09-22 21:00,,,https://www.youtube.com/channel/UCG5XbkZtt-dH98uPwDldSTQ
UCUHUg_BkOBMswWVPFXZxPTw,@結愛-x9g,0,新規(1ヶ月未満),New member,,くらすみゃいと,新規加入,,2,11,0,2026-09-24 07:01,2026-10-08 00:00,○,,https://www.youtube.com/channel/UCUHUg_BkOBMswWVPFXZxPTw
UCPK1Tx2XkS1hhTA81Z1symA,@べっくりん,0,新規(1ヶ月未満),New member,,不明,,,2,8,0,2026-10-04 23:00,2026-10-08 00:00,,,https://www.youtube.com/channel/UCPK1Tx2XkS1hhTA81Z1symA
UCF4UN3tqT6IFhc0CR252XHg,@R_momo,0,新規(1ヶ月未満),New member,,くらすみゃいと,新規加入,,2,6,0,2026-10-04 23:00,2026-10-05 23:31,○,,https://www.youtube.com/channel/UCF4UN3tqT6IFhc0CR252XHg
UCf1nC9mLFeGCq_pqYfRGdgQ,@shiraru_3desu,0,新規(1ヶ月未満),New member,,不明,,,2,12,0,2026-10-04 23:00,2026-10-08 00:00,,,https://www.youtube.com/channel/UCf1nC9mLFeGCq_pqYfRGdgQ
UCwhVdUhUN_d_J5bCSZaE2RA,@りあら-u3vqse,0,新規(1ヶ月未満),New member,,くらすみゃいと,新規加入,,2,9,0,2026-10-05 23:31,2026-10-08 00:00,○,,https://www.youtube.com/channel/UCwhVdUhUN_d_J5bCSZaE2RA
UC5_4TQXORkdyXleqWmTEMfA,@柚稀-l1z,0,新規(1ヶ月未満),New member,,不明,,,1,9,0,2026-09-15 22:00,2026-09-15 22:00,,,https://www.youtube.com/channel/UC5_4TQXORkdyXleqWmTEMfA
UCtuowwCHiqJdCZ06sPL-p8Q,@sweetusagitan,0,新規(1ヶ月未満),New member,,不明,,,1,1,0,2026-09-15 22:00,2026-09-15 22:00,,,https://www.youtube.com/channel/UCtuowwCHiqJdCZ06sPL-p8Q
UCAiqsss5wuS1-vC4_2fgilg,@m_ui0919,0,新規(1ヶ月未満),New member,,くらすみゃいと,新規加入,,1,5,0,2026-09-15 22:00,2026-09-15 22:00,○,,https://www.youtube.com/channel/UCAiqsss5wuS1-vC4_2fgilg
UCUBggLZ_kRLTFkJGkeoVFkA,@白夜-v7y,0,新規(1ヶ月未満),New member,,くらすみゃいと,新規加入,,1,1,1,2026-09-15 22:00,2026-09-15 22:00,○,,https://www.youtube.com/channel/UCUBggLZ_kRLTFkJGkeoVFkA
UC_pMRM1Lwyr6Mo_I11lkkQA,@eve9s,0,新規(1ヶ月未満),New member,,不明,,,1,1,1,2026-09-15 22:00,2026-09-15 22:00,,,https://www.youtube.com/channel/UC_pMRM1Lwyr6Mo_I11lkkQA
UCgUIToG-dkZzyQMCkX6-JOg,@penelope3356,0,新規(1ヶ月未満),New member,,くらすみゃいと,新規加入,,1,0,0,2026-09-15 22:00,2026-09-15 22:00,○,,https://www.youtube.com/channel/UCgUIToG-dkZzyQMCkX6-JOg
UCpAgP_zo9_HnkmHVP9GCW0A,@浅井-Asai,0,新規(1ヶ月未満),New member,,くらすみゃいと,新規加入,,1,0,0,2026-09-15 22:00,2026-09-15 22:00,○,,https://www.youtube.com/channel/UCpAgP_zo9_HnkmHVP9GCW0A
UC1pVWcBvV1gihPqi_BBogvQ,@しのじ-x1d,0,新規(1ヶ月未満),New member,,不明,,,1,6,0,2026-09-18 20:20,2026-09-18 20:20,,,https://www.youtube.com/channel/UC1pVWcBvV1gihPqi_BBogvQ
UCE04kf8-zHTf_xY0vl6XMJw,@フォール-w1y,0,新規(1ヶ月未満),New member,,不明,,,1,2,0,2026-09-18 22:16,2026-09-18 22:16,,,https://www.youtube.com/channel/UCE04kf8-zHTf_xY0vl6XMJw
UCLU6BcuARkqnolz7JdpTzRQ,@asteriske_ast,0,新規(1ヶ月未満),New member,,くらすみゃいと,新規加入,,1,0,0,2026-09-18 22:16,2026-09-18 22:16,○,,https://www.youtube.com/channel/UCLU6BcuARkqnolz7JdpTzRQ
UCRPPAoYVGhFTHTyTZnnIhbw,@nhat_vyvy,0,新規(1ヶ月未満),New member,,不明,,,1,1,0,2026-09-21 00:19,2026-09-21 00:19,,,https://www.youtube.com/channel/UCRPPAoYVGhFTHTyTZnnIhbw
UChPTZaa3kFx_VO-hd3vuCsA,@shigu126,0,新規(1ヶ月未満),New member,,不明,,,1,1,0,2026-09-22 21:00,2026-09-22 21:00,,,https://www.youtube.com/channel/UChPTZaa3kFx_VO-hd3vuCsA
UCm-m5e_Qsqx6EKNd7CG8opA,@kurota_17,0,新規(1ヶ月未満),New member,,不明,,,1,4,1,2026-09-24 07:01,2026-09-24 07:01,,,https://www.youtube.com/channel/UCm-m5e_Qsqx6EKNd7CG8opA
UCZgOGsxRG3YwHCbP1J-gXIg,@kou-j5v-i2m,0,新規(1ヶ月未満),New member,,不明,,,1,23,0,2026-09-24 07:01,2026-09-24 07:01,,,https://www.youtube.com/channel/UCZgOGsxRG3YwHCbP1J-gXIg
UCsM6dJJMbkjRaI-ZErJTj4w,@cmknmcmc,0,新規(1ヶ月未満),New member,,くらすみゃいと,新規加入,,1,1,1,2026-09-24 07:01,2026-09-24 07:01,○,,https://www.youtube.com/channel/UCsM6dJJMbkjRaI-ZErJTj4w
UCs88bEMIGII2mIXL8VYrK1A,@猫宮にう,0,新規(1ヶ月未満),New member,,不明,,,1,2,2,2026-09-26 20:45,2026-09-26 20:45,,,https://www.youtube.com/channel/UCs88bEMIGII2mIXL8VYrK1A
UCODreMgEFNtvcZ0_q2MYnAA,@kiire39,0,新規(1ヶ月未満),New member,,くらすみゃいと,新規加入,,1,0,0,2026-09-27 21:30,2026-09-27 21:30,○,,https://www.youtube.com/channel/UCODreMgEFNtvcZ0_q2MYnAA
UCsu80p4ZwdS9Unpyi2r7SlA,@きなぷ-x3s,0,新規(1ヶ月未満),New member,,不明,,,1,1,0,2026-10-04 23:00,2026-10-04 23:00,,,https://www.youtube.com/channel/UCsu80p4ZwdS9Unpyi2r7SlA
UCPogno6eo-n_KYhwODqR-KA,@もぐちゃん-mogmog.maiko06,0,新規(1ヶ月未満),New member,,くらすみゃいと,新規加入,,1,3,0,2026-10-04 23:00,2026-10-04 23:00,○,,https://www.youtube.com/channel/UCPogno6eo-n_KYhwODqR-KA
UCEEi1wqTlOP8R6L-jkk9E6w,@tn_.sr6u,0,新規(1ヶ月未満),New member,,くらすみゃいと,新規加入,,1,45,0,2026-10-08 00:00,2026-10-08 00:00,○,,https://www.youtube.com/channel/UCEEi1wqTlOP8R6L-jkk9E6w
UCKLyNf4M4NdndJNzj1sumRw,@パルテノン神殿-d8e,0,新規(1ヶ月未満),New member,,不明,,,1,8,0,2026-10-08 00:00,2026-10-08 00:00,,,https://www.youtube.com/channel/UCKLyNf4M4NdndJNzj1sumRw
