stream_jst,video_id,offset_ms,type,tier,name,channel_id,value,text
2026-09-09 17:33,swSjQaP32Ss,0,新規加入,ゼミ打ち上げ,@リオ-n5i,UCY0e8cc6DCrmCWkEEjgVvfw,New member,Welcome to ゼミ打ち上げ!
2026-09-09 17:33,swSjQaP32Ss,12829967,再加入/レベル変更,ゼミ打ち上げ,@雪野円,UC3L3N1DpUDIUNFTVpZMOwVA,Member (2 years),Welcome to ゼミ打ち上げ!
2026-09-15 22:33,IuyuTgd2G0I,8465723,再加入/レベル変更,ゼミ打ち上げ,@2001ー,UCx7v_j11g8V1w4EMviFYL0w,Member (2 years),Welcome to ゼミ打ち上げ!
2026-09-15 22:33,IuyuTgd2G0I,10879246,継続マイルストーン,ゼミアルバム,@EJae_,UC3CNQKM3itOZx1EZ6LxTD-g,39,Member for 39 months
2026-09-16 20:31,cKsy-hLc8bw,4186949,継続マイルストーン,ゼミアルバム,@アウル-austru,UCR1qKMM3afmAHvi6stuwDZw,46,Member for 46 months
2026-09-18 07:35,TH8r9aNkF0w,3766800,継続マイルストーン,ゼミアルバム,@カナギ-f7j,UCy6ObanZZKqG79CGvpb4lxg,32,Member for 32 months
2026-09-18 07:35,TH8r9aNkF0w,3801760,継続マイルストーン,ゼミアルバム,@yiju_ju,UCcSwUf-k4LVaKvyj9Tcr7_A,56,Member for 56 months
2026-09-20 21:30,XU7yJjhcGwA,89585,新規加入,ゼミ打ち上げ,@hira56sn,UCgdepCdu6xn1WrUWgn8dN4w,New member,Welcome to ゼミ打ち上げ!
2026-09-21 21:33,9NZalWSLU_8,11078398,継続マイルストーン,ゼミ打ち上げ,@大空のたけごろう,UCypstGTonsJhseepHl1Lh7w,33,Member for 33 months
2026-09-26 22:06,yx0rtkycbkU,112045,継続マイルストーン,ゼミ打ち上げ,@miharu660,UCyOdDr4txCj8d41eF9NHM9w,49,Member for 49 months
2026-09-27 22:02,LLchsbKS1YA,8239417,継続マイルストーン,ゼミアルバム,@朔nakaten_saku,UCQLucGEpeZq_a4-feaHuClg,56,Member for 56 months
