channel_id,name,badge_months,badge,badge_tooltip,milestone_months,tier,tier_source,revenue_note,streams_seen,messages,superchats,first_seen,last_seen,joined_in_period,gift_received,url
UCf37HO2Kfq_OrXeuAvUoPMg,@したかみ雀,24,2年,Member (2 years),,不明,,,15,2526,13,2026-09-07 19:00,2026-10-06 19:00,,,https://www.youtube.com/channel/UCf37HO2Kfq_OrXeuAvUoPMg
UCOEItGosGCkgW6A7jIMkwvA,@かりんとうb,24,2年,Member (2 years),,不明,,,14,1269,0,2026-09-07 19:00,2026-10-06 19:00,,,https://www.youtube.com/channel/UCOEItGosGCkgW6A7jIMkwvA
UCLXjON3R4N8kLCMRO-hRW5Q,@しっくち,24,2年,Member (2 years),,不明,,,14,126,0,2026-09-07 19:00,2026-10-06 19:00,,,https://www.youtube.com/channel/UCLXjON3R4N8kLCMRO-hRW5Q
UCJ1JO_f9BcBnemNkIe7E1XQ,@桔梗-D75e,24,2年,Member (2 years),,不明,,,13,548,0,2026-09-07 19:00,2026-10-06 19:00,,,https://www.youtube.com/channel/UCJ1JO_f9BcBnemNkIe7E1XQ
UC6H4zH0tTdN8ju7YuoB3d_g,@あずさ-i6s,24,2年,Member (2 years),26,りこりすとさん,マイルストーン,,13,607,7,2026-09-07 19:00,2026-10-06 19:00,,,https://www.youtube.com/channel/UC6H4zH0tTdN8ju7YuoB3d_g
UCrkAbp5physD4TUyUn-eXbA,@歩行者-Hoko,24,2年,Member (2 years),,不明,,,11,51,11,2026-09-07 19:00,2026-10-02 20:00,,,https://www.youtube.com/channel/UCrkAbp5physD4TUyUn-eXbA
UCfHcVqvhBt-S7b_thwl0TZw,@はな-b4o8u,24,2年,Member (2 years),,不明,,,11,95,0,2026-09-07 19:00,2026-10-04 19:00,,,https://www.youtube.com/channel/UCfHcVqvhBt-S7b_thwl0TZw
UCcao6yY1hJCqihvF2GwPISA,@うしにゃん-6x6,24,2年,Member (2 years),,不明,,,10,244,1,2026-09-07 19:00,2026-09-30 21:01,,,https://www.youtube.com/channel/UCcao6yY1hJCqihvF2GwPISA
UC6WcJo8KZf-CqJDs9vTD2iw,@ゆーまあおい,24,2年,Member (2 years),,不明,,,9,161,0,2026-09-07 19:00,2026-10-06 19:00,,,https://www.youtube.com/channel/UC6WcJo8KZf-CqJDs9vTD2iw
UCPA2PFgokChU_ODLbipCKyw,@志乃-Shino-p1j,24,2年,Member (2 years),,不明,,,8,51,0,2026-09-07 19:00,2026-10-02 20:00,,,https://www.youtube.com/channel/UCPA2PFgokChU_ODLbipCKyw
UCNrJQT-HZ4nwY_1NmHeWx4A,@nasunasu6554,24,2年,Member (2 years),,不明,,,8,65,0,2026-09-10 19:00,2026-10-04 19:00,,,https://www.youtube.com/channel/UCNrJQT-HZ4nwY_1NmHeWx4A
UC_A4c721Sovyc1eOU1mkHvw,@からからぼう,24,2年,Member (2 years),,不明,,,7,12,0,2026-09-07 19:00,2026-10-04 19:00,,,https://www.youtube.com/channel/UC_A4c721Sovyc1eOU1mkHvw
UC02rWta9Xx7_xAyCvrVScJw,@クーヤ-z8p,24,2年,Member (2 years),,不明,,,6,149,0,2026-09-10 19:00,2026-10-04 19:00,,,https://www.youtube.com/channel/UC02rWta9Xx7_xAyCvrVScJw
UC3R_wsQuP5KhqV4yXs6BmzA,@詩屋ゆうり,24,2年,Member (2 years),,不明,,,5,96,0,2026-09-10 19:00,2026-09-27 12:01,,,https://www.youtube.com/channel/UC3R_wsQuP5KhqV4yXs6BmzA
UCA4daORKx0qgE4tjVq9FTTw,@すてねこりるら,24,2年,Member (2 years),,不明,,,3,19,0,2026-09-07 19:00,2026-09-27 12:01,,,https://www.youtube.com/channel/UCA4daORKx0qgE4tjVq9FTTw
UCp86PUqHI8NlDM1UNlIPhYA,@泳がないたい焼き,24,2年,Member (2 years),,不明,,,3,79,0,2026-09-10 19:00,2026-09-26 21:00,,,https://www.youtube.com/channel/UCp86PUqHI8NlDM1UNlIPhYA
UC5PHEuyxZBmI3T0ql5EHUjw,@とっぽ-P,24,2年,Member (2 years),,不明,,,3,5,0,2026-09-10 19:00,2026-10-02 20:00,,,https://www.youtube.com/channel/UC5PHEuyxZBmI3T0ql5EHUjw
UCkHZhuyRz9G6tsB0FvX-JVw,@ベルベル-s5y,24,2年,Member (2 years),,不明,,,3,106,0,2026-09-15 19:23,2026-10-06 19:00,,,https://www.youtube.com/channel/UCkHZhuyRz9G6tsB0FvX-JVw
UCdqGFr3whB1JowQ6ZcP7q5w,@jjohn9803,24,2年,Member (2 years),,不明,,,3,5,0,2026-09-26 21:00,2026-09-30 21:01,,,https://www.youtube.com/channel/UCdqGFr3whB1JowQ6ZcP7q5w
UCLPktDjeGra0vZUXrlhb_5Q,@快調_kaicho0308,24,2年,Member (2 years),,不明,,,2,33,0,2026-09-20 23:59,2026-09-27 12:01,,,https://www.youtube.com/channel/UCLPktDjeGra0vZUXrlhb_5Q
UCOfBTVAQwcjeNLBpnVCvBEA,@わこ-wk,24,2年,Member (2 years),,不明,,,2,5,0,2026-09-20 23:59,2026-09-26 21:00,,,https://www.youtube.com/channel/UCOfBTVAQwcjeNLBpnVCvBEA
UC0nlVPNXM4mQCy13NU9gOwg,@たなか-4,24,2年,Member (2 years),,不明,,,2,24,0,2026-09-20 23:59,2026-09-25 19:00,,,https://www.youtube.com/channel/UC0nlVPNXM4mQCy13NU9gOwg
UCdwsXlFIyxWpt5386p2GAFw,@もちゃん119,24,2年,Member (2 years),,不明,,,2,2,0,2026-09-20 23:59,2026-09-26 21:00,,,https://www.youtube.com/channel/UCdwsXlFIyxWpt5386p2GAFw
UC5iln1qzYrnyfcjR0gbNDhg,@八丸-101,24,2年,Member (2 years),,不明,,,2,75,1,2026-09-20 23:59,2026-10-04 19:00,,,https://www.youtube.com/channel/UC5iln1qzYrnyfcjR0gbNDhg
UCDv27Vg9gOESqy9E_RqHLxQ,@蒼の継承者_時雨,24,2年,Member (2 years),,不明,,,2,3,0,2026-09-25 19:00,2026-10-04 19:00,,,https://www.youtube.com/channel/UCDv27Vg9gOESqy9E_RqHLxQ
UCaM9carK7vzXNFvcV3VPHsw,@まれ0u0,24,2年,Member (2 years),,不明,,,2,2,0,2026-09-25 19:00,2026-10-04 19:00,,,https://www.youtube.com/channel/UCaM9carK7vzXNFvcV3VPHsw
UC4cALWwdznYcuc2sC2EfJRQ,@yu-ゆーしゅん-03,24,2年,Member (2 years),,不明,,,2,3,0,2026-09-27 12:01,2026-10-02 20:00,,,https://www.youtube.com/channel/UC4cALWwdznYcuc2sC2EfJRQ
UCErjc3_ve8I7SJNoea_eZ9Q,@ごかぼ-id5,24,2年,Member (2 years),,不明,,,2,6,0,2026-09-27 12:01,2026-10-06 19:00,,,https://www.youtube.com/channel/UCErjc3_ve8I7SJNoea_eZ9Q
UCChFmaVOWuH3j8irjrh8wdA,@lumi1592,24,2年,Member (2 years),,不明,,,2,16,0,2026-09-30 21:01,2026-10-02 20:00,,,https://www.youtube.com/channel/UCChFmaVOWuH3j8irjrh8wdA
UCrMZBz4Glox5eas1kzduDJQ,@むぎmugita_nashi,24,2年,Member (2 years),,不明,,,1,2,0,2026-09-07 19:00,2026-09-07 19:00,,,https://www.youtube.com/channel/UCrMZBz4Glox5eas1kzduDJQ
UCpgRHjHsAXCPqlaeGRw3oig,@レンカク-r1ceL1,24,2年,Member (2 years),,不明,,,1,1,0,2026-09-15 19:23,2026-09-15 19:23,,,https://www.youtube.com/channel/UCpgRHjHsAXCPqlaeGRw3oig
UCXD1TlZt9CZx0ebavTIPsNw,@機長ぼうや,24,2年,Member (2 years),,不明,,,1,8,0,2026-09-20 23:59,2026-09-20 23:59,,,https://www.youtube.com/channel/UCXD1TlZt9CZx0ebavTIPsNw
UCPs08-yw98p3FKbxRUxgoVQ,@こんにゃく機,24,2年,Member (2 years),,不明,,,1,2,0,2026-09-20 23:59,2026-09-20 23:59,,,https://www.youtube.com/channel/UCPs08-yw98p3FKbxRUxgoVQ
UCRDkDVIacPcAy3QsKQyQ0VQ,@Booorta_ブルタ,24,2年,Member (2 years),,不明,,,1,1,0,2026-09-20 23:59,2026-09-20 23:59,,,https://www.youtube.com/channel/UCRDkDVIacPcAy3QsKQyQ0VQ
UCCsHvDBkCTY5-UoGDXNT6HA,@Takuya_0920,24,2年,Member (2 years),,不明,,,1,8,0,2026-09-20 23:59,2026-09-20 23:59,,,https://www.youtube.com/channel/UCCsHvDBkCTY5-UoGDXNT6HA
UCRd4398B8VpRTAN3SPrxulg,@NaMa-s1v,24,2年,Member (2 years),,不明,,,1,2,0,2026-09-24 19:05,2026-09-24 19:05,,,https://www.youtube.com/channel/UCRd4398B8VpRTAN3SPrxulg
UCAnynVx5NW05EzsElXRvSmQ,@ten-ryo,24,2年,Member (2 years),,不明,,,1,1,0,2026-09-25 19:00,2026-09-25 19:00,,,https://www.youtube.com/channel/UCAnynVx5NW05EzsElXRvSmQ
UCCs8jIQtaVncSlRHq7Nr1lA,@おもちうにょーん0101,24,2年,Member (2 years),,不明,,,1,1,0,2026-09-26 21:00,2026-09-26 21:00,,,https://www.youtube.com/channel/UCCs8jIQtaVncSlRHq7Nr1lA
UConbWIgwjC9zZwgPHd1tJXA,@白月かなで,24,2年,Member (2 years),,不明,,,1,1,0,2026-09-30 21:01,2026-09-30 21:01,,,https://www.youtube.com/channel/UConbWIgwjC9zZwgPHd1tJXA
UCAtA9NehhLp6UUT3uX-bXRA,@rantan8323,24,2年,Member (2 years),,不明,,,1,1,0,2026-09-30 21:01,2026-09-30 21:01,,,https://www.youtube.com/channel/UCAtA9NehhLp6UUT3uX-bXRA
UCaDWwXFt0PvSpkmALZ1j2Vw,@サイバさん,24,2年,Member (2 years),,不明,,,1,21,0,2026-09-30 21:01,2026-09-30 21:01,,,https://www.youtube.com/channel/UCaDWwXFt0PvSpkmALZ1j2Vw
UCCnEQSH3g9mWDrShmMf-ZhQ,@chiisa_iyu,24,2年,Member (2 years),,不明,,,1,5,1,2026-09-30 21:01,2026-09-30 21:01,,,https://www.youtube.com/channel/UCCnEQSH3g9mWDrShmMf-ZhQ
UCBD1RWxXx1yNTiulSnwBurA,@toshi8097,24,2年,Member (2 years),,不明,,,1,1,1,2026-09-30 21:01,2026-09-30 21:01,,,https://www.youtube.com/channel/UCBD1RWxXx1yNTiulSnwBurA
UCq7_K_hvMOH34jZg9IWJQLA,@サメこ_Sameko,24,2年,Member (2 years),,不明,,,1,1,0,2026-10-02 20:00,2026-10-02 20:00,,,https://www.youtube.com/channel/UCq7_K_hvMOH34jZg9IWJQLA
UCbSwLyBCUpb447stm6iFh1Q,@ガルム-z8c,24,2年,Member (2 years),,不明,,,1,7,0,2026-10-04 19:00,2026-10-04 19:00,,,https://www.youtube.com/channel/UCbSwLyBCUpb447stm6iFh1Q
UCxDIKYl0zZ6l5GwcP0f4Q0w,@kazuカズX,12,1年,Member (1 year),,不明,,,14,1498,12,2026-09-07 19:00,2026-10-06 19:00,,,https://www.youtube.com/channel/UCxDIKYl0zZ6l5GwcP0f4Q0w
UCYUBJCDtNmd0UdKyN2vNA-g,@non-p9b,12,1年,Member (1 year),,不明,,,13,317,0,2026-09-07 19:00,2026-10-06 19:00,,,https://www.youtube.com/channel/UCYUBJCDtNmd0UdKyN2vNA-g
UCUmFIgdCASiGdYRozqQmHGA,@オジさんちゃん,12,1年,Member (1 year),,不明,,,12,669,0,2026-09-07 19:00,2026-10-06 19:00,,,https://www.youtube.com/channel/UCUmFIgdCASiGdYRozqQmHGA
UCDIKePE7uKz3g28DOqRqFKw,@しおん45,12,1年,Member (1 year),,不明,,,12,61,0,2026-09-07 19:00,2026-10-06 19:00,,,https://www.youtube.com/channel/UCDIKePE7uKz3g28DOqRqFKw
UCALypZ7maNDTBrs4YGVX7FA,@gasen-ht,12,1年,Member (1 year),,不明,,,12,847,0,2026-09-07 19:00,2026-10-06 19:00,,,https://www.youtube.com/channel/UCALypZ7maNDTBrs4YGVX7FA
UC850W4hsTXSe8k7sM1yHD7w,@えぬ男_219,12,1年,Member (1 year),,不明,,,11,698,0,2026-09-07 19:00,2026-10-06 19:00,,,https://www.youtube.com/channel/UC850W4hsTXSe8k7sM1yHD7w
UCb_gDy5Kf7aYaarTaeUwdQA,@ポポタロウ,12,1年,Member (1 year),,不明,,,11,209,0,2026-09-07 19:00,2026-10-06 19:00,,,https://www.youtube.com/channel/UCb_gDy5Kf7aYaarTaeUwdQA
UCRTpsAF-4GF3SR-a0kDoMMw,@がるる-o1b,12,1年,Member (1 year),,不明,,,11,69,0,2026-09-07 19:00,2026-10-06 19:00,,,https://www.youtube.com/channel/UCRTpsAF-4GF3SR-a0kDoMMw
UCzPqStWVtb8OtcqGE7NxoYQ,@ぴよエナガ,12,1年,Member (1 year),,不明,,,11,346,0,2026-09-07 19:00,2026-10-06 19:00,,,https://www.youtube.com/channel/UCzPqStWVtb8OtcqGE7NxoYQ
UCo51vpamjba5h-Klb7axUTw,@りょうx1.19x,12,1年,Member (1 year),,不明,,,10,223,0,2026-09-07 19:00,2026-10-02 20:00,,,https://www.youtube.com/channel/UCo51vpamjba5h-Klb7axUTw
UCN5NvXD507TrCXb5RBfDJuA,@ドロたん,12,1年,Member (1 year),,不明,,,10,103,0,2026-09-07 19:00,2026-10-06 19:00,,,https://www.youtube.com/channel/UCN5NvXD507TrCXb5RBfDJuA
UCuVqShQTzjnRQEJXmY06bhQ,@くろかぜ-d1v,12,1年,Member (1 year),,不明,,,9,230,0,2026-09-07 19:00,2026-10-04 19:00,,,https://www.youtube.com/channel/UCuVqShQTzjnRQEJXmY06bhQ
UCxoDyUJXyxOAa4vU55GZmFQ,@雑魚ミシ,12,1年,Member (1 year),,不明,,,9,121,0,2026-09-07 19:00,2026-09-30 21:01,,,https://www.youtube.com/channel/UCxoDyUJXyxOAa4vU55GZmFQ
UC5ARsLVkSa4407l3RG4HuIg,@あわき-n6f,12,1年,Member (1 year),,りこりすとさん,再加入/レベル変更,,9,184,0,2026-09-07 19:00,2026-10-06 19:00,,,https://www.youtube.com/channel/UC5ARsLVkSa4407l3RG4HuIg
UCb8vF74vApyrv3e4bQrbU_Q,@osarasan,12,1年,Member (1 year),,不明,,,8,180,0,2026-09-07 19:00,2026-09-30 21:01,,,https://www.youtube.com/channel/UCb8vF74vApyrv3e4bQrbU_Q
UCQWU2-ErbyMxcxypqNtZFiw,@かめれれ_g,12,1年,Member (1 year),,不明,,,7,69,0,2026-09-07 19:00,2026-10-04 19:00,,,https://www.youtube.com/channel/UCQWU2-ErbyMxcxypqNtZFiw
UC5mJeNleYLFeifUsNmd53sw,@Spooky_theHB,12,1年,Member (1 year),,不明,,,7,50,1,2026-09-07 19:00,2026-10-02 20:00,,,https://www.youtube.com/channel/UC5mJeNleYLFeifUsNmd53sw
UCcgTfc6RhjroIesimw5DMPw,@もなか-v1h,12,1年,Member (1 year),,不明,,,7,20,0,2026-09-10 19:00,2026-10-02 20:00,,,https://www.youtube.com/channel/UCcgTfc6RhjroIesimw5DMPw
UCT47rIVEwt1rwlF8Rhavxbw,@あかさ-ta7,12,1年,Member (1 year),,不明,,,6,60,0,2026-09-07 19:00,2026-10-02 20:00,,,https://www.youtube.com/channel/UCT47rIVEwt1rwlF8Rhavxbw
UCSjI5xp_Jpok-zzH2X-wMzw,@いおり-o3p,12,1年,Member (1 year),,不明,,,6,22,0,2026-09-07 19:00,2026-10-02 20:00,,,https://www.youtube.com/channel/UCSjI5xp_Jpok-zzH2X-wMzw
UCxfclmUeF3ZQhNn8OWA1DRQ,@ふみを-foooomio,12,1年,Member (1 year),,不明,,,6,163,0,2026-09-10 19:00,2026-10-04 19:00,,,https://www.youtube.com/channel/UCxfclmUeF3ZQhNn8OWA1DRQ
UCPq92pLXZK5BBYsODtOkApQ,@bael-fe9iq,12,1年,Member (1 year),,不明,,,6,92,0,2026-09-10 19:00,2026-10-06 19:00,,,https://www.youtube.com/channel/UCPq92pLXZK5BBYsODtOkApQ
UC2z_LYyfzlxymUiCGnjMEiA,@ちい_72,12,1年,Member (1 year),,不明,,,6,12,5,2026-09-12 19:00,2026-10-06 19:00,,,https://www.youtube.com/channel/UC2z_LYyfzlxymUiCGnjMEiA
UCKk6_GI_x8LyAeGtSGijK0w,@カバだカバぞう,12,1年,Member (1 year),,不明,,,5,36,0,2026-09-07 19:00,2026-10-04 19:00,,,https://www.youtube.com/channel/UCKk6_GI_x8LyAeGtSGijK0w
UCt9jk1SOns-v7x_zI-Tv0uA,@irutoma,12,1年,Member (1 year),,不明,,,5,29,0,2026-09-10 19:00,2026-09-27 12:01,,,https://www.youtube.com/channel/UCt9jk1SOns-v7x_zI-Tv0uA
UCRpWLbOjGSXQp7bjpOZWBFw,@多くのオーク,12,1年,Member (1 year),,不明,,,5,97,0,2026-09-10 19:00,2026-09-27 12:01,,,https://www.youtube.com/channel/UCRpWLbOjGSXQp7bjpOZWBFw
UCPKlLnvRBsngNl1FFtmPWzw,@まほてん-o5n,12,1年,Member (1 year),,不明,,,4,77,0,2026-09-07 19:00,2026-09-25 19:00,,,https://www.youtube.com/channel/UCPKlLnvRBsngNl1FFtmPWzw
UCfB6srZm7EUxvoTqI0aRY-w,@しんしん-m5m,12,1年,Member (1 year),,不明,,,4,4,0,2026-09-07 19:00,2026-10-06 19:00,,,https://www.youtube.com/channel/UCfB6srZm7EUxvoTqI0aRY-w
UCXHNZtvKJqUOglwZYKluA6A,@konこんゆうじ,12,1年,Member (1 year),,不明,,,4,37,0,2026-09-10 19:00,2026-09-30 21:01,,,https://www.youtube.com/channel/UCXHNZtvKJqUOglwZYKluA6A
UCcgi-JXmTFtv-6UzEcHteQg,@さんふんご_3838,12,1年,Member (1 year),,不明,,,4,9,0,2026-09-10 22:33,2026-09-30 21:01,,,https://www.youtube.com/channel/UCcgi-JXmTFtv-6UzEcHteQg
UCMfbA5p3SLjG1PUOod1qTJg,@ニコ-f6f,12,1年,Member (1 year),,不明,,,4,34,0,2026-09-12 19:00,2026-10-02 20:00,,,https://www.youtube.com/channel/UCMfbA5p3SLjG1PUOod1qTJg
UCZjskdSix2YToFrWhhEt3sQ,@まるかぴv,12,1年,Member (1 year),,不明,,,4,8,0,2026-09-15 19:23,2026-09-30 21:01,,,https://www.youtube.com/channel/UCZjskdSix2YToFrWhhEt3sQ
UCnmS1HK8cIfp6C5R26XH2yQ,@みち-v8u,12,1年,Member (1 year),,不明,,,3,3,0,2026-09-10 19:00,2026-10-04 19:00,,,https://www.youtube.com/channel/UCnmS1HK8cIfp6C5R26XH2yQ
UCXtQiUx8eFcFLZMj3TAwUnQ,@カイジャリスイギョ-j1t,12,1年,Member (1 year),,不明,,,3,3,0,2026-09-10 19:00,2026-10-06 19:00,,,https://www.youtube.com/channel/UCXtQiUx8eFcFLZMj3TAwUnQ
UCmtAJH9q-UnqJZql_S3czqQ,@nc-c4j,12,1年,Member (1 year),,不明,,,3,12,0,2026-09-10 22:33,2026-09-27 12:01,,,https://www.youtube.com/channel/UCmtAJH9q-UnqJZql_S3czqQ
UC2FuBMOa0sSsU8AjpweO6Yg,@kaisei1127,12,1年,Member (1 year),,不明,,,3,6,0,2026-09-20 23:59,2026-09-27 12:01,,,https://www.youtube.com/channel/UC2FuBMOa0sSsU8AjpweO6Yg
UCANIUbIVr5vZv_EadB_RZVw,@ヨッシー-m5j,12,1年,Member (1 year),,不明,,,3,9,0,2026-09-20 23:59,2026-10-02 20:00,,,https://www.youtube.com/channel/UCANIUbIVr5vZv_EadB_RZVw
UC7VwqWw9ShzEIQCsOz6Yipw,@espeon-0196,12,1年,Member (1 year),,不明,,,3,42,0,2026-09-20 23:59,2026-09-27 12:01,,,https://www.youtube.com/channel/UC7VwqWw9ShzEIQCsOz6Yipw
UCkzhivlbvBoZijxQYY7SN-A,@わさびわさびー,12,1年,Member (1 year),,不明,,,2,9,0,2026-09-07 19:00,2026-09-27 12:01,,,https://www.youtube.com/channel/UCkzhivlbvBoZijxQYY7SN-A
UC8DdDkAV9DOz8J6tPVklTFg,@ぬまのはた,12,1年,Member (1 year),,不明,,,2,20,0,2026-09-07 19:00,2026-09-15 19:23,,,https://www.youtube.com/channel/UC8DdDkAV9DOz8J6tPVklTFg
UCkyu1JCzi6M7dDl0pTsf8OQ,@らむ-u8e8i,12,1年,Member (1 year),,不明,,,2,12,0,2026-09-10 19:00,2026-09-27 12:01,,,https://www.youtube.com/channel/UCkyu1JCzi6M7dDl0pTsf8OQ
UCqR13MW2VGyZ1ZcIvDdghYA,@うちわDX,12,1年,Member (1 year),,不明,,,2,3,0,2026-09-10 19:00,2026-09-27 12:01,,,https://www.youtube.com/channel/UCqR13MW2VGyZ1ZcIvDdghYA
UCVZfYRp19xrdc5iXrXRsOfQ,@clasuke1230,12,1年,Member (1 year),,不明,,,2,22,0,2026-09-10 19:00,2026-09-12 19:00,,,https://www.youtube.com/channel/UCVZfYRp19xrdc5iXrXRsOfQ
UCGBiXP942FL7iu7-4DEta6w,@uminos-zm3iz,12,1年,Member (1 year),,不明,,,2,3,1,2026-09-12 19:00,2026-09-25 19:00,,,https://www.youtube.com/channel/UCGBiXP942FL7iu7-4DEta6w
UC6WOEjfnLkUxs4M8LHc7EBA,@きときと-2,12,1年,Member (1 year),,不明,,,2,11,1,2026-09-20 23:59,2026-09-27 12:01,,,https://www.youtube.com/channel/UC6WOEjfnLkUxs4M8LHc7EBA
UCSFYKLtgI3UsyfPjDfKkKlA,@uruu8,12,1年,Member (1 year),,不明,,,2,5,0,2026-09-20 23:59,2026-09-27 12:01,,,https://www.youtube.com/channel/UCSFYKLtgI3UsyfPjDfKkKlA
UChO2JxJJiMldMgt0YFhua3Q,@リセマラ九段,12,1年,Member (1 year),,不明,,,2,5,0,2026-09-20 23:59,2026-09-24 19:05,,,https://www.youtube.com/channel/UChO2JxJJiMldMgt0YFhua3Q
UCI_A5MmvNN9V6bRvMSfHwvQ,@パンプニン,12,1年,Member (1 year),,不明,,,2,10,0,2026-09-25 19:00,2026-10-02 20:00,,,https://www.youtube.com/channel/UCI_A5MmvNN9V6bRvMSfHwvQ
UC9DnC9JY1p4OUt_lPV3YUmg,@kuroha_as,12,1年,Member (1 year),,不明,,,2,8,0,2026-09-27 12:01,2026-10-02 20:00,,,https://www.youtube.com/channel/UC9DnC9JY1p4OUt_lPV3YUmg
UCX-3o08IN46Ot0vGx2P-4Kw,@だまや-h6s,12,1年,Member (1 year),,不明,,,2,10,0,2026-09-27 12:01,2026-09-30 21:01,,,https://www.youtube.com/channel/UCX-3o08IN46Ot0vGx2P-4Kw
UCKen6VH3KpbN5M1HJMTPZ3g,@chu-0126,12,1年,Member (1 year),,不明,,,2,2,0,2026-09-30 21:01,2026-10-04 19:00,,,https://www.youtube.com/channel/UCKen6VH3KpbN5M1HJMTPZ3g
UC-MjQFpTAwfUPVdG0H6C6Sg,@祈-t7t,12,1年,Member (1 year),,不明,,,1,1,0,2026-09-07 19:00,2026-09-07 19:00,,,https://www.youtube.com/channel/UC-MjQFpTAwfUPVdG0H6C6Sg
UCrzT9yN54CfdAYG7TBo8rZg,@柿区珪子,12,1年,Member (1 year),,不明,,,1,1,0,2026-09-07 19:00,2026-09-07 19:00,,,https://www.youtube.com/channel/UCrzT9yN54CfdAYG7TBo8rZg
UCapv0F6dqX5Li3e_DQcBqvQ,@もせす-f5r,12,1年,Member (1 year),,不明,,,1,37,0,2026-09-10 19:00,2026-09-10 19:00,,,https://www.youtube.com/channel/UCapv0F6dqX5Li3e_DQcBqvQ
UCH3qxGlZae7RQPEhHECSJaA,@しゅん-y5v8y,12,1年,Member (1 year),,不明,,,1,1,0,2026-09-10 19:00,2026-09-10 19:00,,,https://www.youtube.com/channel/UCH3qxGlZae7RQPEhHECSJaA
UCtn_IEoeSjBpEA0uzdj4z-Q,@とりから56,12,1年,Member (1 year),,不明,,,1,1,0,2026-09-10 19:00,2026-09-10 19:00,,,https://www.youtube.com/channel/UCtn_IEoeSjBpEA0uzdj4z-Q
UCwZtJlFuuYRRjx2xXKCFEIA,@くりがね,12,1年,Member (1 year),,不明,,,1,1,0,2026-09-10 22:33,2026-09-10 22:33,,,https://www.youtube.com/channel/UCwZtJlFuuYRRjx2xXKCFEIA
UCeWeyU535oMaW3Dbkg-05Cg,@はなまる-m9l,12,1年,Member (1 year),,不明,,,1,7,0,2026-09-12 19:00,2026-09-12 19:00,,,https://www.youtube.com/channel/UCeWeyU535oMaW3Dbkg-05Cg
UCvBeO_6df3CwtpPDXXLZ5Bg,@ペッツ_280,12,1年,Member (1 year),,不明,,,1,1,0,2026-09-15 19:23,2026-09-15 19:23,,,https://www.youtube.com/channel/UCvBeO_6df3CwtpPDXXLZ5Bg
UC8k3DJogW6z9pyKgkcTEf8g,@にい-21,12,1年,Member (1 year),,不明,,,1,1,1,2026-09-20 23:59,2026-09-20 23:59,,,https://www.youtube.com/channel/UC8k3DJogW6z9pyKgkcTEf8g
UCfV_GB9vbqocQJ47vtaSnOQ,@カイロス1,12,1年,Member (1 year),,不明,,,1,1,0,2026-09-20 23:59,2026-09-20 23:59,,,https://www.youtube.com/channel/UCfV_GB9vbqocQJ47vtaSnOQ
UCiQeA5FgKx2Thnp8xo4ex9w,@おんた,12,1年,Member (1 year),,不明,,,1,3,0,2026-09-20 23:59,2026-09-20 23:59,,,https://www.youtube.com/channel/UCiQeA5FgKx2Thnp8xo4ex9w
UCEfIpmXrjhHVzAU_sKtn_pA,@ふっくー-tA,12,1年,Member (1 year),,不明,,,1,1,0,2026-09-20 23:59,2026-09-20 23:59,,,https://www.youtube.com/channel/UCEfIpmXrjhHVzAU_sKtn_pA
UCTtHLsnewd3i04j5XKPBcgQ,@んご-y8y,12,1年,Member (1 year),,不明,,,1,1,0,2026-09-20 23:59,2026-09-20 23:59,,,https://www.youtube.com/channel/UCTtHLsnewd3i04j5XKPBcgQ
UCl5YTavwTU7shFmYfojiYGQ,@とーふ-r8e,12,1年,Member (1 year),,不明,,,1,1,0,2026-09-20 23:59,2026-09-20 23:59,,,https://www.youtube.com/channel/UCl5YTavwTU7shFmYfojiYGQ
UChUzJyCBSh305f5UYxpKaKw,@ぴょん吉_pnk,12,1年,Member (1 year),,不明,,,1,1,0,2026-09-20 23:59,2026-09-20 23:59,,,https://www.youtube.com/channel/UChUzJyCBSh305f5UYxpKaKw
UCY0e8cc6DCrmCWkEEjgVvfw,@リオ-n5i,12,1年,Member (1 year),,不明,,,1,1,0,2026-09-25 19:00,2026-09-25 19:00,,,https://www.youtube.com/channel/UCY0e8cc6DCrmCWkEEjgVvfw
UCyfgdAySZ2B-0n6X45Q20KA,@蓬莱の匠,12,1年,Member (1 year),,不明,,,1,2,0,2026-09-26 21:00,2026-09-26 21:00,,,https://www.youtube.com/channel/UCyfgdAySZ2B-0n6X45Q20KA
UC9P77xA276cMb2rigyR5U7Q,@はいさた,12,1年,Member (1 year),,不明,,,1,4,0,2026-09-27 12:01,2026-09-27 12:01,,,https://www.youtube.com/channel/UC9P77xA276cMb2rigyR5U7Q
UCnHnfZjbOqJYY9ILpPEbdPw,@ねこちぐら_117,12,1年,Member (1 year),,不明,,,1,2,0,2026-09-27 12:01,2026-09-27 12:01,,,https://www.youtube.com/channel/UCnHnfZjbOqJYY9ILpPEbdPw
UCzTMMdAIwmq8IMYnkrqiPiA,@haruka_52,12,1年,Member (1 year),,不明,,,1,31,0,2026-09-27 12:01,2026-09-27 12:01,,,https://www.youtube.com/channel/UCzTMMdAIwmq8IMYnkrqiPiA
UCfdBkQeYoZ_lzAj5nq5Y_Pw,@うみ-77,12,1年,Member (1 year),,不明,,,1,1,0,2026-09-27 12:01,2026-09-27 12:01,,,https://www.youtube.com/channel/UCfdBkQeYoZ_lzAj5nq5Y_Pw
UCrnyDcjmdZacjjUL8yKq7Ig,@新うにくらげ,12,1年,Member (1 year),,不明,,,1,40,0,2026-09-27 12:01,2026-09-27 12:01,,,https://www.youtube.com/channel/UCrnyDcjmdZacjjUL8yKq7Ig
UCKFfz5ISGW81d6c_PjGlzNw,@向かいのトロロ,12,1年,Member (1 year),,不明,,,1,2,0,2026-09-27 12:01,2026-09-27 12:01,,,https://www.youtube.com/channel/UCKFfz5ISGW81d6c_PjGlzNw
UCUMIoEvjsMDRpHTAR5MLmJQ,@コトブキ96,12,1年,Member (1 year),,不明,,,1,2,0,2026-09-27 12:01,2026-09-27 12:01,,,https://www.youtube.com/channel/UCUMIoEvjsMDRpHTAR5MLmJQ
UCWemx_eKDNnCLBao_yDbMyg,@猫しゃう,12,1年,Member (1 year),,不明,,,1,3,0,2026-09-27 12:01,2026-09-27 12:01,,,https://www.youtube.com/channel/UCWemx_eKDNnCLBao_yDbMyg
UCmPXU3dN-j70fiPM7jDPzTQ,@の乃ノ,12,1年,Member (1 year),,不明,,,1,1,0,2026-10-02 20:00,2026-10-02 20:00,,,https://www.youtube.com/channel/UCmPXU3dN-j70fiPM7jDPzTQ
UCPtjKl1SDhkV9e9YvoCuqfA,@クロルー017,12,1年,Member (1 year),,不明,,,1,3,0,2026-10-06 19:00,2026-10-06 19:00,,,https://www.youtube.com/channel/UCPtjKl1SDhkV9e9YvoCuqfA
UCw2iccH2yIUIuhAMDolrE5g,@パルキア-l5r,6,6ヶ月,Member (6 months),,不明,,,14,347,0,2026-09-07 19:00,2026-10-06 19:00,,,https://www.youtube.com/channel/UCw2iccH2yIUIuhAMDolrE5g
UCvODFvcV_8ON7VY4Spb2hSg,@ミズキ-v4w,6,6ヶ月,Member (6 months),,不明,,,12,140,0,2026-09-10 19:00,2026-10-06 19:00,,,https://www.youtube.com/channel/UCvODFvcV_8ON7VY4Spb2hSg
UCygWmtCBoxfbGbhUs0NRmig,@さら2009,6,6ヶ月,Member (6 months),,不明,,,11,48,0,2026-09-07 19:00,2026-10-06 19:00,,,https://www.youtube.com/channel/UCygWmtCBoxfbGbhUs0NRmig
UCCS42ZArIBBz36CSq02ym_A,@emoigyoza,6,6ヶ月,Member (6 months),,不明,,,8,40,0,2026-09-07 19:00,2026-10-04 19:00,,,https://www.youtube.com/channel/UCCS42ZArIBBz36CSq02ym_A
UCbD75wUW7C_nS-VmcatH7xQ,@常夏パイン,6,6ヶ月,Member (6 months),,不明,,,8,155,0,2026-09-10 19:00,2026-10-04 19:00,,,https://www.youtube.com/channel/UCbD75wUW7C_nS-VmcatH7xQ
UC-QKali9GE-Nrw2cvZ04_3Q,@モリーサワヤマ,6,6ヶ月,Member (6 months),,不明,,,7,111,0,2026-09-10 19:00,2026-10-06 19:00,,,https://www.youtube.com/channel/UC-QKali9GE-Nrw2cvZ04_3Q
UC1rWTydA7fI7O2NIK5lQHfg,@みなもるふぉーぜ,6,6ヶ月,Member (6 months),,不明,,,7,20,0,2026-09-12 19:00,2026-10-04 19:00,,,https://www.youtube.com/channel/UC1rWTydA7fI7O2NIK5lQHfg
UCK7YBRe-MhjXCo9nHAa0f0Q,@タピオカひろし,6,6ヶ月,Member (6 months),,不明,,,6,39,0,2026-09-10 22:33,2026-10-04 19:00,,,https://www.youtube.com/channel/UCK7YBRe-MhjXCo9nHAa0f0Q
UCT48-LPxVvMn8qyJfyAh8Ww,@ふぎんたそ,6,6ヶ月,Member (6 months),,不明,,,6,142,0,2026-09-19 15:00,2026-10-06 19:00,,,https://www.youtube.com/channel/UCT48-LPxVvMn8qyJfyAh8Ww
UCwQMCPCcIsTvQp1qqqjG4yg,@趣味の闇鍋,6,6ヶ月,Member (6 months),,不明,,,5,70,0,2026-09-07 19:00,2026-09-27 12:01,,,https://www.youtube.com/channel/UCwQMCPCcIsTvQp1qqqjG4yg
UC22bKj1V0oMF0Dkr1T-kDTA,@Narita-M,6,6ヶ月,Member (6 months),,不明,,,4,25,0,2026-09-07 19:00,2026-09-27 12:01,,,https://www.youtube.com/channel/UC22bKj1V0oMF0Dkr1T-kDTA
UC7eJAjVdo5rIZKpORnzV-3Q,@ヶタミン,6,6ヶ月,Member (6 months),,不明,,,4,191,0,2026-09-07 19:00,2026-10-06 19:00,,,https://www.youtube.com/channel/UC7eJAjVdo5rIZKpORnzV-3Q
UC9GlkWSByLbepPlkey8SngA,@miwarin51,6,6ヶ月,Member (6 months),,不明,,,4,63,0,2026-09-10 19:00,2026-09-30 21:01,,,https://www.youtube.com/channel/UC9GlkWSByLbepPlkey8SngA
UCxl57RqDmMsIwYHEYawNFAA,@かれさんすい6060,6,6ヶ月,Member (6 months),,不明,,,4,42,0,2026-09-12 19:00,2026-09-27 12:01,,,https://www.youtube.com/channel/UCxl57RqDmMsIwYHEYawNFAA
UCL20kui5PpdliJKVJVgDMpg,@takemon8673,6,6ヶ月,Member (6 months),,不明,,,4,20,0,2026-09-15 19:23,2026-10-06 19:00,,,https://www.youtube.com/channel/UCL20kui5PpdliJKVJVgDMpg
UCu7OG3R5glrO0ZhqNTUDVQw,@tyouhakushigen,6,6ヶ月,Member (6 months),,不明,,,4,18,0,2026-09-26 21:00,2026-10-02 20:00,,,https://www.youtube.com/channel/UCu7OG3R5glrO0ZhqNTUDVQw
UCFB_gwkL_ouU7kswI26IWZg,@aoai7_th,6,6ヶ月,Member (6 months),,不明,,,3,39,0,2026-09-10 19:00,2026-09-30 21:01,,,https://www.youtube.com/channel/UCFB_gwkL_ouU7kswI26IWZg
UCbfLdMSa_B72_fNo7wx8k2Q,@まえ-1,6,6ヶ月,Member (6 months),,不明,,,3,7,0,2026-09-10 19:00,2026-09-27 12:01,,,https://www.youtube.com/channel/UCbfLdMSa_B72_fNo7wx8k2Q
UC4yEDOXW_wgb3JoU1vH9Q_A,@ままんじゅう-mk,6,6ヶ月,Member (6 months),,不明,,,3,56,0,2026-09-20 23:59,2026-10-02 20:00,,,https://www.youtube.com/channel/UC4yEDOXW_wgb3JoU1vH9Q_A
UCg8H7eM50fm1DTQL03D4RrA,@こら-HIYNEKO,6,6ヶ月,Member (6 months),,不明,,,2,57,0,2026-09-10 19:00,2026-09-12 19:00,,,https://www.youtube.com/channel/UCg8H7eM50fm1DTQL03D4RrA
UCARbywXsegkxe6DxwDGRfcA,@蒼さんちーむ,6,6ヶ月,Member (6 months),,不明,,,2,6,0,2026-09-10 19:00,2026-09-20 23:59,,,https://www.youtube.com/channel/UCARbywXsegkxe6DxwDGRfcA
UCFAIEKwuhq74ugiFXq551Ww,@ちばちば-d2m,6,6ヶ月,Member (6 months),,不明,,,2,45,0,2026-09-10 19:00,2026-09-27 12:01,,,https://www.youtube.com/channel/UCFAIEKwuhq74ugiFXq551Ww
UCLw4sbl6kwDI1stum1KLGNw,@vol1911,6,6ヶ月,Member (6 months),,不明,,,2,7,0,2026-09-10 19:00,2026-09-27 12:01,,,https://www.youtube.com/channel/UCLw4sbl6kwDI1stum1KLGNw
UCt78nW2xci-sNpwyNywg8JQ,@ゆうてゃん-w7c,6,6ヶ月,Member (6 months),,不明,,,2,9,0,2026-09-12 19:00,2026-09-20 23:59,,,https://www.youtube.com/channel/UCt78nW2xci-sNpwyNywg8JQ
UCERKlsei9Dlo-Kblj3-pcIA,@デップジョニィ,6,6ヶ月,Member (6 months),,不明,,,2,4,0,2026-09-15 19:23,2026-10-02 20:00,,,https://www.youtube.com/channel/UCERKlsei9Dlo-Kblj3-pcIA
UCI2kqV5NW-qx-4h48IlqDxg,@あまとりみちゃ,6,6ヶ月,Member (6 months),,不明,,,2,4,0,2026-09-15 19:23,2026-09-20 23:59,,,https://www.youtube.com/channel/UCI2kqV5NW-qx-4h48IlqDxg
UC-AyQe7kBfYAS6bMy_BLVyg,@冬月六,6,6ヶ月,Member (6 months),,不明,,,2,101,0,2026-09-20 23:59,2026-09-27 12:01,,,https://www.youtube.com/channel/UC-AyQe7kBfYAS6bMy_BLVyg
UC9_cxXoi_iLAFzN4QIK1msw,@Kazu-stellar,6,6ヶ月,Member (6 months),,不明,,,2,6,0,2026-09-20 23:59,2026-09-26 21:00,,,https://www.youtube.com/channel/UC9_cxXoi_iLAFzN4QIK1msw
UCrQlXOxFvHAdo9Npqa7y8HA,@maru_irasuto,6,6ヶ月,Member (6 months),,不明,,,2,40,0,2026-09-20 23:59,2026-09-26 21:00,,,https://www.youtube.com/channel/UCrQlXOxFvHAdo9Npqa7y8HA
UC4eYn3h-PfPd5WD7WEoZTMQ,@lrun3390,6,6ヶ月,Member (6 months),,不明,,,2,24,0,2026-09-20 23:59,2026-09-27 12:01,,,https://www.youtube.com/channel/UC4eYn3h-PfPd5WD7WEoZTMQ
UCjpYPl5p6Z8INDDxOgDShdQ,@正午の砂糖,6,6ヶ月,Member (6 months),,不明,,,2,13,0,2026-09-26 21:00,2026-09-27 12:01,,,https://www.youtube.com/channel/UCjpYPl5p6Z8INDDxOgDShdQ
UCq2SUQApKbZ4EqE083yE4Jw,@南蛮漬け南蛮,6,6ヶ月,Member (6 months),,不明,,,2,5,0,2026-09-27 12:01,2026-09-30 21:01,,,https://www.youtube.com/channel/UCq2SUQApKbZ4EqE083yE4Jw
UCzHUKgv9SOisZHaR0opMawA,@まろまろ0606,6,6ヶ月,Member (6 months),,不明,,,1,34,0,2026-09-10 19:00,2026-09-10 19:00,,,https://www.youtube.com/channel/UCzHUKgv9SOisZHaR0opMawA
UCom3I73TlOgxB6XX84Mn3rQ,@毎日世紀末,6,6ヶ月,Member (6 months),,不明,,,1,1,0,2026-09-20 23:59,2026-09-20 23:59,,,https://www.youtube.com/channel/UCom3I73TlOgxB6XX84Mn3rQ
UCIZEGLQiXyjeP5-OkU0My3g,@コージオタ活,6,6ヶ月,Member (6 months),,不明,,,1,14,0,2026-09-20 23:59,2026-09-20 23:59,,,https://www.youtube.com/channel/UCIZEGLQiXyjeP5-OkU0My3g
UCsjDS95TWdtRisWfVnE8tBA,@白桃院-v2g,6,6ヶ月,Member (6 months),,不明,,,1,74,0,2026-09-20 23:59,2026-09-20 23:59,,,https://www.youtube.com/channel/UCsjDS95TWdtRisWfVnE8tBA
UCpk48JN2GKcpu2CB8ZtZWUA,@Le_corice,6,6ヶ月,Member (6 months),,不明,,,1,4,0,2026-09-20 23:59,2026-09-20 23:59,,,https://www.youtube.com/channel/UCpk48JN2GKcpu2CB8ZtZWUA
UC10ZeQvs4j0TvAv64SGCGJg,@鼻づまりのアナウサギ,6,6ヶ月,Member (6 months),,不明,,,1,38,0,2026-09-20 23:59,2026-09-20 23:59,,,https://www.youtube.com/channel/UC10ZeQvs4j0TvAv64SGCGJg
UCEQzd3-9JfZHHq8hxdai2mg,@ちくわsimauma,6,6ヶ月,Member (6 months),,不明,,,1,1,0,2026-09-20 23:59,2026-09-20 23:59,,,https://www.youtube.com/channel/UCEQzd3-9JfZHHq8hxdai2mg
UCM7JITCCi6EP_68vaHcJ49A,@さくは-Sakuha,6,6ヶ月,Member (6 months),,不明,,,1,2,0,2026-09-20 23:59,2026-09-20 23:59,,,https://www.youtube.com/channel/UCM7JITCCi6EP_68vaHcJ49A
UClHHiioER5o16l74ByZoYgQ,@ser1_na__19,6,6ヶ月,Member (6 months),,不明,,,1,4,0,2026-09-20 23:59,2026-09-20 23:59,,,https://www.youtube.com/channel/UClHHiioER5o16l74ByZoYgQ
UCw61WGybGO-a3bZ72m-B-uQ,@暁宵-akatukiyoi,6,6ヶ月,Member (6 months),,不明,,,1,1,0,2026-09-24 19:05,2026-09-24 19:05,,,https://www.youtube.com/channel/UCw61WGybGO-a3bZ72m-B-uQ
UCNQO66iaDSfhR2ouVMT4PSw,@Towa-salmon,6,6ヶ月,Member (6 months),,不明,,,1,12,0,2026-09-25 19:00,2026-09-25 19:00,,,https://www.youtube.com/channel/UCNQO66iaDSfhR2ouVMT4PSw
UC3Rb8qhTJYNmZIO_WRlgy9g,@riutaso,6,6ヶ月,Member (6 months),,不明,,,1,22,0,2026-09-26 21:00,2026-09-26 21:00,,,https://www.youtube.com/channel/UC3Rb8qhTJYNmZIO_WRlgy9g
UC0V45zYUm92nZ2T7JORXhBw,@ごましぉ-w8w,6,6ヶ月,Member (6 months),,不明,,,1,3,0,2026-09-26 21:00,2026-09-26 21:00,,,https://www.youtube.com/channel/UC0V45zYUm92nZ2T7JORXhBw
UCww8_zVs8HxRF_7dArkRFtQ,@特に何も考えてない人,6,6ヶ月,Member (6 months),,不明,,,1,3,0,2026-09-27 12:01,2026-09-27 12:01,,,https://www.youtube.com/channel/UCww8_zVs8HxRF_7dArkRFtQ
UCiBgVcfyuc11yGnPhFWHRsA,@DJこんどる,6,6ヶ月,Member (6 months),,不明,,,1,24,0,2026-09-27 12:01,2026-09-27 12:01,,,https://www.youtube.com/channel/UCiBgVcfyuc11yGnPhFWHRsA
UCU4wllAUIfwmELRKjnYSXnA,@bergerac0101,6,6ヶ月,Member (6 months),,不明,,,1,10,0,2026-09-27 12:01,2026-09-27 12:01,,,https://www.youtube.com/channel/UCU4wllAUIfwmELRKjnYSXnA
UCDyf7sVPCqSH8muxaU2j2Gg,@mistral3329,6,6ヶ月,Member (6 months),,不明,,,1,2,0,2026-09-27 12:01,2026-09-27 12:01,,,https://www.youtube.com/channel/UCDyf7sVPCqSH8muxaU2j2Gg
UCmSs_SYN4K13c2qrIDneWaw,@シャツお,6,6ヶ月,Member (6 months),,不明,,,1,1,0,2026-09-27 12:01,2026-09-27 12:01,,,https://www.youtube.com/channel/UCmSs_SYN4K13c2qrIDneWaw
UCJ7vkNMIHCLwkxjzLoJqzyw,@Jlin8002,6,6ヶ月,Member (6 months),,不明,,,1,3,0,2026-09-30 21:01,2026-09-30 21:01,,,https://www.youtube.com/channel/UCJ7vkNMIHCLwkxjzLoJqzyw
UCUn-T50DINBMol7HE-MIeKg,@Itoma_horizont,6,6ヶ月,Member (6 months),,不明,,,1,1,0,2026-10-02 20:00,2026-10-02 20:00,,,https://www.youtube.com/channel/UCUn-T50DINBMol7HE-MIeKg
UCp7azA_jJ34R3QU66d8XEAQ,@艶羅鏡典,6,6ヶ月,Member (6 months),,りこりすとさん,再加入/レベル変更,,1,0,0,2026-10-06 19:00,2026-10-06 19:00,,,https://www.youtube.com/channel/UCp7azA_jJ34R3QU66d8XEAQ
UCUNzW7qY4-ndhpzPwZD12jw,@ミナヅキスイ,2,2ヶ月,Member (2 months),,不明,,,11,332,0,2026-09-07 19:00,2026-10-06 19:00,,,https://www.youtube.com/channel/UCUNzW7qY4-ndhpzPwZD12jw
UCC8KCImeZibLMapgFIF5gxA,@miyabi6565,2,2ヶ月,Member (2 months),,不明,,,9,73,0,2026-09-07 19:00,2026-10-04 19:00,,,https://www.youtube.com/channel/UCC8KCImeZibLMapgFIF5gxA
UCE0dmdCglI6wH9hGgyYN_9w,@カルーラ-n1i,2,2ヶ月,Member (2 months),,不明,,,7,47,0,2026-09-07 19:00,2026-10-06 19:00,,,https://www.youtube.com/channel/UCE0dmdCglI6wH9hGgyYN_9w
UCQuM2AZ7fKTygV8iBCmUoNg,@パル_ch,2,2ヶ月,Member (2 months),,不明,,,6,10,0,2026-09-07 19:00,2026-09-27 12:01,,,https://www.youtube.com/channel/UCQuM2AZ7fKTygV8iBCmUoNg
UCHX65ByYmGhkJL0MAMHW0-Q,@にけにけ-2k2k,2,2ヶ月,Member (2 months),,不明,,,6,25,0,2026-09-10 19:00,2026-09-27 12:01,,,https://www.youtube.com/channel/UCHX65ByYmGhkJL0MAMHW0-Q
UCW29kQKjsangF1kseMjChTA,@KAZUU参,2,2ヶ月,Member (2 months),,不明,,,5,175,0,2026-09-15 19:23,2026-10-06 19:00,,,https://www.youtube.com/channel/UCW29kQKjsangF1kseMjChTA
UCtLkFxPmWs_qoUJmPEumKbQ,@さっぱりサラダ,2,2ヶ月,Member (2 months),,不明,,,4,180,3,2026-09-07 19:00,2026-09-12 19:00,,,https://www.youtube.com/channel/UCtLkFxPmWs_qoUJmPEumKbQ
UC64PAdSGmyiAIkKZD1NB5Vg,@レン-n9h,2,2ヶ月,Member (2 months),,不明,,,4,8,0,2026-09-20 23:59,2026-09-27 12:01,,,https://www.youtube.com/channel/UC64PAdSGmyiAIkKZD1NB5Vg
UCbudc-TS89zcZGS4i6GDjsA,@ゆき_ネシリーニャ,2,2ヶ月,Member (2 months),,不明,,,3,4,0,2026-09-10 19:00,2026-10-02 20:00,,,https://www.youtube.com/channel/UCbudc-TS89zcZGS4i6GDjsA
UCBzag5BJXis0gaViNUTfu4Q,@夜鷹-x7v,2,2ヶ月,Member (2 months),,不明,,,3,196,0,2026-09-20 23:59,2026-10-02 20:00,,,https://www.youtube.com/channel/UCBzag5BJXis0gaViNUTfu4Q
UC7flHsLx94ASNMTlNk840yg,@miyavi0220,2,2ヶ月,Member (2 months),,不明,,,2,2,0,2026-09-10 19:00,2026-10-02 20:00,,,https://www.youtube.com/channel/UC7flHsLx94ASNMTlNk840yg
UCW0jB01anZwbhC-sBcd5rXQ,@ななしの-na,2,2ヶ月,Member (2 months),,不明,,,2,3,0,2026-09-10 19:00,2026-09-26 21:00,,,https://www.youtube.com/channel/UCW0jB01anZwbhC-sBcd5rXQ
UCBn9-Dqg7ACpO1CoD6Ff_3g,@こはくん-v6e,2,2ヶ月,Member (2 months),,不明,,,2,14,0,2026-09-20 23:59,2026-10-02 20:00,,,https://www.youtube.com/channel/UCBn9-Dqg7ACpO1CoD6Ff_3g
UCKp6MqgPk7yaojffgaWTVPQ,@chan_azu,2,2ヶ月,Member (2 months),,不明,,,2,6,0,2026-09-20 23:59,2026-09-30 21:01,,,https://www.youtube.com/channel/UCKp6MqgPk7yaojffgaWTVPQ
UCwngmSoi9G9Y3EErlyFe82A,@ぱせりんごだ,2,2ヶ月,Member (2 months),,不明,,,2,6,0,2026-09-20 23:59,2026-10-02 20:00,,,https://www.youtube.com/channel/UCwngmSoi9G9Y3EErlyFe82A
UC5f_P29J0CWiPsu8yOdavCA,@capniji,2,2ヶ月,Member (2 months),,不明,,,2,3,0,2026-09-20 23:59,2026-09-27 12:01,,,https://www.youtube.com/channel/UC5f_P29J0CWiPsu8yOdavCA
UCXibk3rvXzW9UHk4FKMfXpg,@木目-mokume,2,2ヶ月,Member (2 months),,不明,,,2,16,0,2026-09-25 19:00,2026-10-04 19:00,,,https://www.youtube.com/channel/UCXibk3rvXzW9UHk4FKMfXpg
UCbcG_dJjnSpgdTZDDRX8TFg,@ルキオ-u3e,2,2ヶ月,Member (2 months),,不明,,,2,21,0,2026-09-26 21:00,2026-10-02 20:00,,,https://www.youtube.com/channel/UCbcG_dJjnSpgdTZDDRX8TFg
UCrBXHeeuOfEE4jxoN-Ur0CQ,@やましげ7002,2,2ヶ月,Member (2 months),,不明,,,2,7,0,2026-09-27 12:01,2026-10-02 20:00,,,https://www.youtube.com/channel/UCrBXHeeuOfEE4jxoN-Ur0CQ
UCrtFDcTjdEsHR2QcuHOmKTw,@KAN-g5i,2,2ヶ月,Member (2 months),,不明,,,1,3,0,2026-09-10 19:00,2026-09-10 19:00,,,https://www.youtube.com/channel/UCrtFDcTjdEsHR2QcuHOmKTw
UCPKp4RYcWG_PP0xc1WHnhCw,@teeeegegot,2,2ヶ月,Member (2 months),,りこりすとさん,再加入/レベル変更,,1,0,0,2026-09-10 19:00,2026-09-10 19:00,,,https://www.youtube.com/channel/UCPKp4RYcWG_PP0xc1WHnhCw
UCObzAkX1ggaVwqgGOq3LEug,@watakumokuma00,2,2ヶ月,Member (2 months),,不明,,,1,6,0,2026-09-20 23:59,2026-09-20 23:59,,,https://www.youtube.com/channel/UCObzAkX1ggaVwqgGOq3LEug
UCbf4omP5PQNM6OOwc3Bl-vg,@しらこ-Shirako,2,2ヶ月,Member (2 months),,不明,,,1,1,0,2026-09-20 23:59,2026-09-20 23:59,,,https://www.youtube.com/channel/UCbf4omP5PQNM6OOwc3Bl-vg
UCcgu5l-HrC3ngnaAFA-YWcA,@お湯-k7c,2,2ヶ月,Member (2 months),,りこりすとさん,ギフト,ギフトで加入,1,10,0,2026-09-20 23:59,2026-09-20 23:59,○,○,https://www.youtube.com/channel/UCcgu5l-HrC3ngnaAFA-YWcA
UCYJG2YdKAiAj6s6zczmVTJg,@futamaruniina1592,2,2ヶ月,Member (2 months),,不明,,,1,14,0,2026-09-24 19:05,2026-09-24 19:05,,,https://www.youtube.com/channel/UCYJG2YdKAiAj6s6zczmVTJg
UCHY8nLk483QTobXiQWyAEpQ,@辰野ぱおよし,2,2ヶ月,Member (2 months),,不明,,,1,1,0,2026-09-25 19:00,2026-09-25 19:00,,,https://www.youtube.com/channel/UCHY8nLk483QTobXiQWyAEpQ
UCsFPiI3iSjVWwzgTlpMNFnA,@みく0723,2,2ヶ月,Member (2 months),,不明,,,1,9,0,2026-09-27 12:01,2026-09-27 12:01,,,https://www.youtube.com/channel/UCsFPiI3iSjVWwzgTlpMNFnA
UCuAGNgwmRMkRYFoq3yx9TDw,@つき-b4m,2,2ヶ月,Member (2 months),,不明,,,1,1,0,2026-09-27 12:01,2026-09-27 12:01,,,https://www.youtube.com/channel/UCuAGNgwmRMkRYFoq3yx9TDw
UCA9WN-LG7pkGxw3TJo_-y0w,@今nowる,1,1ヶ月,Member (1 month),,不明,,,10,210,0,2026-09-10 19:00,2026-10-04 19:00,,,https://www.youtube.com/channel/UCA9WN-LG7pkGxw3TJo_-y0w
UCtGPXMuY_mwU0WNoBM4ZdOQ,@ぴろ-piropiro,1,1ヶ月,Member (1 month),,不明,,,5,31,0,2026-09-15 19:23,2026-10-06 19:00,,,https://www.youtube.com/channel/UCtGPXMuY_mwU0WNoBM4ZdOQ
UCtrx8cs0nUDTEmq7pq4lARg,@PlusAlpha-e6b,1,1ヶ月,Member (1 month),,不明,,,4,25,0,2026-09-20 23:59,2026-10-04 19:00,,,https://www.youtube.com/channel/UCtrx8cs0nUDTEmq7pq4lARg
UC4zAWWVuFowtk9B8zj1w1JA,@ng_ryu7156,1,1ヶ月,Member (1 month),,不明,,,1,1,0,2026-09-12 19:00,2026-09-12 19:00,,,https://www.youtube.com/channel/UC4zAWWVuFowtk9B8zj1w1JA
UCnsvYPXz7a1bd79R9aNpFSQ,@めいlx_xl,1,1ヶ月,Member (1 month),,不明,,,1,1,0,2026-09-27 12:01,2026-09-27 12:01,,,https://www.youtube.com/channel/UCnsvYPXz7a1bd79R9aNpFSQ
UCkJGmtYZyuzoR8tVlsEM5_Q,@たこ焼きtako-chan,0,新規(1ヶ月未満),New member,,不明,,,5,39,0,2026-09-12 19:00,2026-10-04 19:00,,,https://www.youtube.com/channel/UCkJGmtYZyuzoR8tVlsEM5_Q
UC4TtZ1jg-OW0V0Rvy0W74SQ,@あ.き.お.に,0,新規(1ヶ月未満),New member,,りこりすとさん,新規加入,,4,15,0,2026-09-20 23:59,2026-10-06 19:00,○,,https://www.youtube.com/channel/UC4TtZ1jg-OW0V0Rvy0W74SQ
UCaCB1ZMTPRPO5yKVEr_KawQ,@ヘイ-b7n,0,新規(1ヶ月未満),New member,,不明,,,3,21,0,2026-09-07 19:00,2026-09-19 15:00,,,https://www.youtube.com/channel/UCaCB1ZMTPRPO5yKVEr_KawQ
UCCEd0oKopOaOj_FxCCs4rSg,@ざどん-zdn96511,0,新規(1ヶ月未満),New member,,りこりすとさん,新規加入,,2,58,0,2026-09-30 21:01,2026-10-06 19:00,○,,https://www.youtube.com/channel/UCCEd0oKopOaOj_FxCCs4rSg
UCe8Av3dJh35LIHhiF_kkrjQ,@stりーぜ,0,新規(1ヶ月未満),New member,,不明,,,1,5,0,2026-09-10 19:00,2026-09-10 19:00,,,https://www.youtube.com/channel/UCe8Av3dJh35LIHhiF_kkrjQ
UCgszzSOtht9Q6HE3P1sTUBg,@SのTKYM,0,新規(1ヶ月未満),New member,,りこりすとさん,新規加入,,1,0,0,2026-09-10 19:00,2026-09-10 19:00,○,,https://www.youtube.com/channel/UCgszzSOtht9Q6HE3P1sTUBg
UCs-K55a5EvfICBA1tLiQ0Vg,@たいきろ-l3z,0,新規(1ヶ月未満),New member,,りこりすとさん,新規加入,,1,0,0,2026-09-12 19:00,2026-09-12 19:00,○,,https://www.youtube.com/channel/UCs-K55a5EvfICBA1tLiQ0Vg
UC4cDidv7FIpJjukaZ8qDWgQ,@とんそく-v7g,0,新規(1ヶ月未満),New member,,不明,,,1,2,0,2026-09-20 23:59,2026-09-20 23:59,,,https://www.youtube.com/channel/UC4cDidv7FIpJjukaZ8qDWgQ
UC_G7Ch0xzDZb_yh5mZbydsg,@amarasu-pd1vl,0,新規(1ヶ月未満),New member,,りこりすとさん,新規加入,,1,0,0,2026-09-20 23:59,2026-09-20 23:59,○,,https://www.youtube.com/channel/UC_G7Ch0xzDZb_yh5mZbydsg
UCGP0ej-ahjgX95tcvY5PDXg,@りん1234,0,新規(1ヶ月未満),,,りこりすとさん,ギフト,ギフトで加入,1,0,0,2026-09-20 23:59,2026-09-20 23:59,○,○,https://www.youtube.com/channel/UCGP0ej-ahjgX95tcvY5PDXg
UCihxSrZqMbEFEUrNeR1nzPA,@愛樹-k6r,0,新規(1ヶ月未満),,,りこりすとさん,ギフト,ギフトで加入,1,0,0,2026-09-20 23:59,2026-09-20 23:59,○,○,https://www.youtube.com/channel/UCihxSrZqMbEFEUrNeR1nzPA
UCqHUge39vYIY6sTmvVYfkzQ,@yuen5487,0,新規(1ヶ月未満),,,りこりすとさん,ギフト,ギフトで加入,1,0,0,2026-09-20 23:59,2026-09-20 23:59,○,○,https://www.youtube.com/channel/UCqHUge39vYIY6sTmvVYfkzQ
UCsuO6xuxKULGS_coVBLq1YA,@koom2173,0,新規(1ヶ月未満),,,りこりすとさん,ギフト,ギフトで加入,1,0,0,2026-09-20 23:59,2026-09-20 23:59,○,○,https://www.youtube.com/channel/UCsuO6xuxKULGS_coVBLq1YA
UCRiSfJ8QIRj3iCIdz6MM_yw,@こーちゃん-m3n,0,新規(1ヶ月未満),New member,,りこりすとさん,新規加入,,1,0,0,2026-09-25 19:00,2026-09-25 19:00,○,,https://www.youtube.com/channel/UCRiSfJ8QIRj3iCIdz6MM_yw
UC7DnnmyenWSGn_Iowsv3vXg,@ちゃとらj,0,新規(1ヶ月未満),New member,,不明,,,1,1,0,2026-09-26 21:00,2026-09-26 21:00,,,https://www.youtube.com/channel/UC7DnnmyenWSGn_Iowsv3vXg
UCXN3UKBJQsLHpCU_ZbBBKBQ,@hasami-uf7ob,0,新規(1ヶ月未満),New member,,りこりすとさん,新規加入,,1,0,0,2026-09-26 21:00,2026-09-26 21:00,○,,https://www.youtube.com/channel/UCXN3UKBJQsLHpCU_ZbBBKBQ
UC6AdvijY6gMp3yK0s7a0XyQ,@hiki2-104,0,新規(1ヶ月未満),New member,,不明,,,1,1,0,2026-09-30 21:01,2026-09-30 21:01,,,https://www.youtube.com/channel/UC6AdvijY6gMp3yK0s7a0XyQ
UCHDbgINCQC07kbph3rGE92w,@tsubasa6754,0,新規(1ヶ月未満),New member,,不明,,,1,2,0,2026-10-02 20:00,2026-10-02 20:00,,,https://www.youtube.com/channel/UCHDbgINCQC07kbph3rGE92w
