stream_jst,video_id,offset_ms,type,tier,name,channel_id,value,text
2026-09-15 12:14,hRRhZ3veAs8,403634,継続マイルストーン,乗客員,@えれーぬjpn,UCLgc4gyBL5YI-3-vHRyFFFQ,8,Member for 8 months
2026-09-15 12:14,hRRhZ3veAs8,421954,継続マイルストーン,乗客員,@ぴかちゅ-picachu,UCzrqXH1kC_MdQDa2IifcyeQ,52,Member for 52 months
2026-09-15 12:14,hRRhZ3veAs8,613924,継続マイルストーン,乗客員,@へんてこベビたん,UCbs3AE3EQn0PMLd2nlbZ88w,67,Member for 67 months
2026-09-15 12:14,hRRhZ3veAs8,926854,ギフト購入,,@めとのん-q4h,UC5UBueIdgImB7eWUwXVVWsQ,50,Sent 50 文野環【にじさんじの野良猫】ふみのたまき gift memberships
2026-09-15 12:14,hRRhZ3veAs8,928615,ギフト受け取り,,@じゃかましい,UCpudISmkWUE7NY9kp9c8duA,,received a gift membership by @めとのん-q4h
2026-09-15 12:14,hRRhZ3veAs8,929281,ギフト受け取り,,@しぴしぴcp,UCEcW1s5WQTZjqIkE9OCoyfQ,,received a gift membership by @めとのん-q4h
2026-09-15 12:14,hRRhZ3veAs8,930056,ギフト受け取り,,@SAKA-q1i,UC1exdYNanYPqs1NBzsvdEvA,,received a gift membership by @めとのん-q4h
2026-09-15 12:14,hRRhZ3veAs8,930846,ギフト受け取り,,@albedo7113,UC1zp4fAYxSGi1GtbyyBEkXw,,received a gift membership by @めとのん-q4h
2026-09-15 12:14,hRRhZ3veAs8,931580,ギフト受け取り,,@nnnm1451,UCKYVIGzxlshSKDIYciOXYmQ,,received a gift membership by @めとのん-q4h
2026-09-15 12:14,hRRhZ3veAs8,932708,ギフト受け取り,,@ak4MId0R_174,UCLVCIcibIcibZyi35MsXAXQ,,received a gift membership by @めとのん-q4h
2026-09-15 12:14,hRRhZ3veAs8,933541,ギフト受け取り,,@マルコメくん-m4m,UC-yh_EVmkNHRFkHYBCk3JXQ,,received a gift membership by @めとのん-q4h
2026-09-15 12:14,hRRhZ3veAs8,934289,ギフト受け取り,,@サメ-q2y,UCdt_AeOL96ekkQZoz3ncDhQ,,received a gift membership by @めとのん-q4h
2026-09-15 12:14,hRRhZ3veAs8,935178,ギフト受け取り,,@かずーん666,UCB7UoXu09WIaydDR1mp6o6Q,,received a gift membership by @めとのん-q4h
2026-09-15 12:14,hRRhZ3veAs8,935962,ギフト受け取り,,@和蘭雉隠,UCWoHG4tB0umFOvk5ZMn2j3g,,received a gift membership by @めとのん-q4h
2026-09-15 12:14,hRRhZ3veAs8,936599,ギフト受け取り,,@ViVi_403,UC5Rjdy_61JgPCgFpFF32INQ,,received a gift membership by @めとのん-q4h
2026-09-15 12:14,hRRhZ3veAs8,937659,ギフト受け取り,,@hasam1_SCISSORS,UCQgMHn39JLahyJdPutyfRUg,,received a gift membership by @めとのん-q4h
2026-09-15 12:14,hRRhZ3veAs8,939097,ギフト受け取り,,@demondelaplace414,UCBQErFNXgI-mjQaXDlU7pxQ,,received a gift membership by @めとのん-q4h
2026-09-15 12:14,hRRhZ3veAs8,939904,ギフト受け取り,,@SirKnightLoin,UCs-PETIhDw3haNANT_T_2dA,,received a gift membership by @めとのん-q4h
2026-09-15 12:14,hRRhZ3veAs8,940672,ギフト受け取り,,@Aisis-Aru,UCbBsfczu9O9alukUQrTdSOw,,received a gift membership by @めとのん-q4h
2026-09-15 12:14,hRRhZ3veAs8,941574,ギフト受け取り,,@味味噌カツ,UC2BQGwYb9enV9YiDjRtqD5g,,received a gift membership by @めとのん-q4h
2026-09-15 12:14,hRRhZ3veAs8,942439,ギフト受け取り,,@KimashiGt,UClS_jp6aH_0Intgf6MiNp7w,,received a gift membership by @めとのん-q4h
2026-09-15 12:14,hRRhZ3veAs8,943464,ギフト受け取り,,@Jay_234_yk,UCThcu7L2Pi5i5Kmu2DEd2mA,,received a gift membership by @めとのん-q4h
2026-09-15 12:14,hRRhZ3veAs8,944459,ギフト受け取り,,@thissk2392,UCfjD7gqbg0WNuEoEn6vSZWg,,received a gift membership by @めとのん-q4h
2026-09-15 12:14,hRRhZ3veAs8,945298,ギフト受け取り,,@ただのマダオ_88,UCa8cqE48xVD_o8HiS_bnrBA,,received a gift membership by @めとのん-q4h
2026-09-15 12:14,hRRhZ3veAs8,946182,ギフト受け取り,,@るーく-f9w,UCKj2dgoqYFeLs6GLgKA1s3w,,received a gift membership by @めとのん-q4h
2026-09-15 12:14,hRRhZ3veAs8,946862,ギフト受け取り,,@野菜痛め-n7v,UCIjhbC0pnS1UuOc552AsGMQ,,received a gift membership by @めとのん-q4h
2026-09-15 12:14,hRRhZ3veAs8,947640,ギフト受け取り,,@ユル-b7y,UCLLttiazyxLM2kCwaGuakgA,,received a gift membership by @めとのん-q4h
2026-09-15 12:14,hRRhZ3veAs8,948563,ギフト受け取り,,@stayhomeyeah704,UCWkESy2KRyisXvt9EEfOu9w,,received a gift membership by @めとのん-q4h
2026-09-15 12:14,hRRhZ3veAs8,949318,ギフト受け取り,,@Dorihi-taro,UCG2S-_iJamH5-GNCPmo-QWQ,,received a gift membership by @めとのん-q4h
2026-09-15 12:14,hRRhZ3veAs8,950215,ギフト受け取り,,@月見草-m3q,UC8wm0IOlga7AaKAuUOeAKuA,,received a gift membership by @めとのん-q4h
2026-09-15 12:14,hRRhZ3veAs8,951440,ギフト受け取り,,@oyamotuz,UC0DJ3wZ_0a8NLMDjjzEa1dQ,,received a gift membership by @めとのん-q4h
2026-09-15 12:14,hRRhZ3veAs8,952161,ギフト受け取り,,@ましえ,UCEaKB3psEtJFG5b8A37O-hg,,received a gift membership by @めとのん-q4h
2026-09-15 12:14,hRRhZ3veAs8,953059,ギフト受け取り,,@さだぴピロピロ,UCPc9mvhYdsxhX_X5nSnY9nA,,received a gift membership by @めとのん-q4h
2026-09-15 12:14,hRRhZ3veAs8,953963,ギフト受け取り,,@unuanuu,UChSTjqmf7Gk6IdwXnvlwBog,,received a gift membership by @めとのん-q4h
2026-09-15 12:14,hRRhZ3veAs8,955103,ギフト受け取り,,@3212681,UCgHZ5hx3yJQuQRqVpM9kAhQ,,received a gift membership by @めとのん-q4h
2026-09-15 12:14,hRRhZ3veAs8,956102,ギフト受け取り,,@タクヤどらたく,UCGzwqQPQ6lHUCCz9bl0CHUw,,received a gift membership by @めとのん-q4h
2026-09-15 12:14,hRRhZ3veAs8,957084,ギフト受け取り,,@NatsunaYusaku,UCDX9rqhbsfrEyImMo9GWmcg,,received a gift membership by @めとのん-q4h
2026-09-15 12:14,hRRhZ3veAs8,957899,ギフト受け取り,,@ティー茶-e7w,UC5ZYS04JpTuhiS31i2T2-Gw,,received a gift membership by @めとのん-q4h
2026-09-15 12:14,hRRhZ3veAs8,958863,ギフト受け取り,,@SY-bb3ki,UCOXsQJrO1UO8CHaFCfyqrpA,,received a gift membership by @めとのん-q4h
2026-09-15 12:14,hRRhZ3veAs8,959780,ギフト受け取り,,@shun0313,UCbgn_TtJaZ6uaAnqKfjwWhQ,,received a gift membership by @めとのん-q4h
2026-09-15 12:14,hRRhZ3veAs8,960604,ギフト受け取り,,@p_3138,UC830-f76cry8RHuSBGnsLjQ,,received a gift membership by @めとのん-q4h
2026-09-15 12:14,hRRhZ3veAs8,961298,ギフト受け取り,,@karis-z,UCldVNjsELo_RcI9HPbKOPDw,,received a gift membership by @めとのん-q4h
2026-09-15 12:14,hRRhZ3veAs8,962162,ギフト受け取り,,@740x8,UCeAqpXh5crcgzjY6dJhhdzg,,received a gift membership by @めとのん-q4h
2026-09-15 12:14,hRRhZ3veAs8,962885,ギフト受け取り,,@kelly00168,UC_3adpQj2nob0fboVRa5ELw,,received a gift membership by @めとのん-q4h
2026-09-15 12:14,hRRhZ3veAs8,963776,ギフト受け取り,,@ぼっちなシア,UCxtD139sgUJV4AFGtqDR8EQ,,received a gift membership by @めとのん-q4h
2026-09-15 12:14,hRRhZ3veAs8,964503,ギフト受け取り,,@ネフェリーゼ,UCP7zkkGMbY2vhQDmInLiSYA,,received a gift membership by @めとのん-q4h
2026-09-15 12:14,hRRhZ3veAs8,965715,ギフト受け取り,,@qifaysniduay,UCzc9buQiTOE5iWBQajwz0pA,,received a gift membership by @めとのん-q4h
2026-09-15 12:14,hRRhZ3veAs8,966562,ギフト受け取り,,@Nakaji_MK,UCPmCXpEes2TftZAcLSIli9w,,received a gift membership by @めとのん-q4h
2026-09-15 12:14,hRRhZ3veAs8,967514,ギフト受け取り,,@抹茶-u2c9n,UCFRuTobhNuImXnUvYS5NA1Q,,received a gift membership by @めとのん-q4h
2026-09-15 12:14,hRRhZ3veAs8,968285,ギフト受け取り,,@shiki2355,UCFgSRWUttBspwe-BEVvuDPg,,received a gift membership by @めとのん-q4h
2026-09-15 12:14,hRRhZ3veAs8,969399,ギフト受け取り,,@さこo,UCbK8QZ1Td_2-EliWc8mEZfw,,received a gift membership by @めとのん-q4h
2026-09-15 12:14,hRRhZ3veAs8,970348,ギフト受け取り,,@洸-x3x,UC3gIf-sLLdFCOraafbFVhUQ,,received a gift membership by @めとのん-q4h
2026-09-15 12:14,hRRhZ3veAs8,971453,ギフト受け取り,,@ヤマみん,UCmo2gs3SOm-n6VuPNyOxUhw,,received a gift membership by @めとのん-q4h
2026-09-15 12:14,hRRhZ3veAs8,972508,ギフト受け取り,,@フサト67,UC1hy9l68TrmuifInmquSwyw,,received a gift membership by @めとのん-q4h
2026-09-15 12:14,hRRhZ3veAs8,1089093,継続マイルストーン,乗客員,@yusaku-q7e,UCcnzfc9kU1Qfak8zWSfi_Jw,6,Member for 6 months
2026-09-15 12:14,hRRhZ3veAs8,2604142,継続マイルストーン,乗客員,@かぜ-x9q,UCE1FbT0oLCQHc_Y6RY2rAzw,11,Member for 11 months
2026-09-15 12:14,hRRhZ3veAs8,2703667,継続マイルストーン,乗客員,@おにくランド,UCEJV0BgYxkauWX4gcYAhvGw,37,Member for 37 months
2026-09-15 22:08,ogHta1VPBGA,307223,継続マイルストーン,乗客員,@hirahirame-p7d,UCyRzDs_lABazeHKdwYlMj3g,2,Member for 2 months
2026-09-15 22:08,ogHta1VPBGA,363355,ギフト購入,,@hirahirame-p7d,UCyRzDs_lABazeHKdwYlMj3g,1,Sent 1 文野環【にじさんじの野良猫】ふみのたまき gift memberships
2026-09-15 22:08,ogHta1VPBGA,364814,ギフト受け取り,,@ramy1021,UC-WRuGiNzLn0tf0atI822pQ,,received a gift membership by @hirahirame-p7d
2026-09-15 22:08,ogHta1VPBGA,394682,継続マイルストーン,乗客員,@ESHS_s2,UCUkYP8va8-Hw8csLUGtFVdw,11,Member for 11 months
2026-09-15 22:08,ogHta1VPBGA,464223,継続マイルストーン,乗客員,@ありたろう-u8n,UCXRC12VTDNLtm5ji0wUJrMg,3,Member for 3 months
2026-09-15 22:08,ogHta1VPBGA,504144,継続マイルストーン,乗客員,@はとぽ-ぽ,UCzc21aIxntoOyoAY7DzDM_g,18,Member for 18 months
2026-09-15 22:08,ogHta1VPBGA,631113,ギフト購入,,@めとのん-q4h,UC5UBueIdgImB7eWUwXVVWsQ,20,Sent 20 文野環【にじさんじの野良猫】ふみのたまき gift memberships
2026-09-15 22:08,ogHta1VPBGA,632171,ギフト受け取り,,@amrazzi2974,UCYOnlgDWAiirgb961hTuaQw,,received a gift membership by @めとのん-q4h
2026-09-15 22:08,ogHta1VPBGA,632911,ギフト受け取り,,@wanda4307,UC1j3YxiQLsiH98arKIPEPzQ,,received a gift membership by @めとのん-q4h
2026-09-15 22:08,ogHta1VPBGA,633628,ギフト受け取り,,@酔いどれシラフ,UCKyDGaCqtBkg0rbpeNrY6IA,,received a gift membership by @めとのん-q4h
2026-09-15 22:08,ogHta1VPBGA,634660,ギフト受け取り,,@kn_けーえぬ,UCzcFouRqg0Asnkw0oC1Z4Cg,,received a gift membership by @めとのん-q4h
2026-09-15 22:08,ogHta1VPBGA,635512,ギフト受け取り,,@Lisa-xr7sk,UC0ZhrjkFnqVsbDc8NWYvY3A,,received a gift membership by @めとのん-q4h
2026-09-15 22:08,ogHta1VPBGA,636997,ギフト受け取り,,@sugiura0761,UC7z8uV6HRSLdl83CEclAuQQ,,received a gift membership by @めとのん-q4h
2026-09-15 22:08,ogHta1VPBGA,637643,ギフト受け取り,,@aj1001,UClcIHQOt-2M_Lx0KPimuO2g,,received a gift membership by @めとのん-q4h
2026-09-15 22:08,ogHta1VPBGA,638573,ギフト受け取り,,@lily9390,UCSTbQJlTAHGrT5OKP1yaTIw,,received a gift membership by @めとのん-q4h
2026-09-15 22:08,ogHta1VPBGA,639206,ギフト受け取り,,@yosuko-2120,UC8UbHTPFMN_ZUrnLmbSrDcw,,received a gift membership by @めとのん-q4h
2026-09-15 22:08,ogHta1VPBGA,639992,ギフト受け取り,,@x_Souei_x,UCkIqtDZXvr-DUChwGeTgKzA,,received a gift membership by @めとのん-q4h
2026-09-15 22:08,ogHta1VPBGA,641057,ギフト受け取り,,@べに_2,UC-F1fqsU2L6_1Hc-edlpPgg,,received a gift membership by @めとのん-q4h
2026-09-15 22:08,ogHta1VPBGA,642327,ギフト受け取り,,@Errornotfound-oj9km,UCm2nF4TKXnPrCg6NviD6_Sw,,received a gift membership by @めとのん-q4h
2026-09-15 22:08,ogHta1VPBGA,643151,ギフト受け取り,,@akihiro_2434fun,UC4jzezZ82H3eQDZeMa3gfEg,,received a gift membership by @めとのん-q4h
2026-09-15 22:08,ogHta1VPBGA,644328,ギフト受け取り,,@ハトライダー,UC_tuD-OvuWqLLlHqPPmkvvQ,,received a gift membership by @めとのん-q4h
2026-09-15 22:08,ogHta1VPBGA,645061,ギフト受け取り,,@user-em4bb6kp1i,UCgu-5eGLq3GQxOU20fKtbmw,,received a gift membership by @めとのん-q4h
2026-09-15 22:08,ogHta1VPBGA,645937,ギフト受け取り,,@セディ-h8q,UCuNcsQ2PI-m-xb5pzu1IHhg,,received a gift membership by @めとのん-q4h
2026-09-15 22:08,ogHta1VPBGA,646842,ギフト受け取り,,@hirotoeita9938,UCFVac9ShcFuZy_GcXL5o7ig,,received a gift membership by @めとのん-q4h
2026-09-15 22:08,ogHta1VPBGA,647648,ギフト受け取り,,@konoe1910,UCYXKN9FylFfJWXJSz5Gpgxg,,received a gift membership by @めとのん-q4h
2026-09-15 22:08,ogHta1VPBGA,648723,ギフト受け取り,,@Reiketsuna4,UCEex2_rv0St3dqDsWG8TtwA,,received a gift membership by @めとのん-q4h
2026-09-15 22:08,ogHta1VPBGA,649462,ギフト受け取り,,@tsuyuri00,UCTUk2-kSIAAIjioizzgEwpg,,received a gift membership by @めとのん-q4h
2026-09-21 21:20,GMBnFdJAGUc,1313045,ギフト購入,,@めとのん-q4h,UC5UBueIdgImB7eWUwXVVWsQ,20,Sent 20 文野環【にじさんじの野良猫】ふみのたまき gift memberships
2026-09-21 21:20,GMBnFdJAGUc,1314321,ギフト受け取り,,@yu777y,UCz7kqA_J1y_mz-UlLk4KK9w,,received a gift membership by @めとのん-q4h
2026-09-21 21:20,GMBnFdJAGUc,1315310,ギフト受け取り,,@和也-d6v,UCkpjoJqbuVy0AZ1Bb_GBizg,,received a gift membership by @めとのん-q4h
2026-09-21 21:20,GMBnFdJAGUc,1316127,ギフト受け取り,,@aina__172-z8o,UCVq5Ai4D7oTudDvaALodPRQ,,received a gift membership by @めとのん-q4h
2026-09-21 21:20,GMBnFdJAGUc,1316775,ギフト受け取り,,@よん-mgmg,UC8ymepvZ_9wJVtytLi4hiIQ,,received a gift membership by @めとのん-q4h
2026-09-21 21:20,GMBnFdJAGUc,1317558,ギフト受け取り,,@arisato-x5n,UCikLP-OqbiFZVtpP-ohFyrw,,received a gift membership by @めとのん-q4h
2026-09-21 21:20,GMBnFdJAGUc,1318380,ギフト受け取り,,@ecpsuper2010,UCOKWRfedvuUUetCXlo-N-Hw,,received a gift membership by @めとのん-q4h
2026-09-21 21:20,GMBnFdJAGUc,1319466,ギフト受け取り,,@まこも-z5d,UCyIUTfrUzJxdF2eMVgBMuuQ,,received a gift membership by @めとのん-q4h
2026-09-21 21:20,GMBnFdJAGUc,1320351,ギフト受け取り,,@ちい-d7q,UCIMZDvi4V93TkDXXIGMMelg,,received a gift membership by @めとのん-q4h
2026-09-21 21:20,GMBnFdJAGUc,1321369,ギフト受け取り,,@マットジーヴァス,UC0oM4M0oc3EIFJKgLngy1Fg,,received a gift membership by @めとのん-q4h
2026-09-21 21:20,GMBnFdJAGUc,1322216,ギフト受け取り,,@suiminntarako,UClyqifriwoy4fEjbMTjW7MQ,,received a gift membership by @めとのん-q4h
2026-09-21 21:20,GMBnFdJAGUc,1323184,ギフト受け取り,,@牛虻-n4u,UCWIROl8X28HVJmRU0qxAM3A,,received a gift membership by @めとのん-q4h
2026-09-21 21:20,GMBnFdJAGUc,1324014,ギフト受け取り,,@menmen2525,UCL4RPCqtzTqJIXltqs5ftGw,,received a gift membership by @めとのん-q4h
2026-09-21 21:20,GMBnFdJAGUc,1325289,ギフト受け取り,,@マスタフルール,UC93Ehr3WmJNVvQqrmoti-5Q,,received a gift membership by @めとのん-q4h
2026-09-21 21:20,GMBnFdJAGUc,1326125,ギフト受け取り,,@coacervate,UCLPpnsiBGt2lLdjfInqX-FA,,received a gift membership by @めとのん-q4h
2026-09-21 21:20,GMBnFdJAGUc,1326886,ギフト受け取り,,@うつぴ-n9m,UCFwnUsDE7x75knP1LkhI7Sg,,received a gift membership by @めとのん-q4h
2026-09-21 21:20,GMBnFdJAGUc,1327803,ギフト受け取り,,@カーミ-ka--mi,UCwI9knQn98Kwg3llTNd_p2Q,,received a gift membership by @めとのん-q4h
2026-09-21 21:20,GMBnFdJAGUc,1328650,ギフト受け取り,,@katudonntaisa,UC9SPTSSlywDVkMQgZMfaWLQ,,received a gift membership by @めとのん-q4h
2026-09-21 21:20,GMBnFdJAGUc,1329446,ギフト受け取り,,@souta__6720,UCUp9RkS3kq7Cs7NG_LMrfWg,,received a gift membership by @めとのん-q4h
2026-09-21 21:20,GMBnFdJAGUc,1330360,ギフト受け取り,,@user-getsunichi,UCqieOFxwudNuekCvJX2CEiQ,,received a gift membership by @めとのん-q4h
2026-09-21 21:20,GMBnFdJAGUc,1331154,ギフト受け取り,,@friends_with_low_self-esteem,UCs4BO2bbIauSz6bM_1fN9hg,,received a gift membership by @めとのん-q4h
2026-09-21 21:20,GMBnFdJAGUc,4724806,ギフト購入,,@PALADIN_BOBRA,UCC4u_za5zBn-7Akcawi_d-Q,5,Sent 5 文野環【にじさんじの野良猫】ふみのたまき gift memberships
2026-09-21 21:20,GMBnFdJAGUc,4725931,ギフト受け取り,,@user_annr74,UCtUMTPfFAWOHjXfTRH1QpwQ,,received a gift membership by @PALADIN_BOBRA
2026-09-21 21:20,GMBnFdJAGUc,4726853,ギフト受け取り,,@Tokiwa1231,UCrbawZCOpIas-CQqaUyrp6w,,received a gift membership by @PALADIN_BOBRA
2026-09-21 21:20,GMBnFdJAGUc,4727654,ギフト受け取り,,@のひな-m6h,UCMwmPiG9htnkaXZqxYe9OAg,,received a gift membership by @PALADIN_BOBRA
2026-09-21 21:20,GMBnFdJAGUc,4728466,ギフト受け取り,,@ぬこ-i8y,UCVK-9uDJF7bjn1ZniSBo8Dg,,received a gift membership by @PALADIN_BOBRA
2026-09-21 21:20,GMBnFdJAGUc,4729525,ギフト受け取り,,@isuyusama,UCGyg8-iSCj8-vmaYZTXQDXA,,received a gift membership by @PALADIN_BOBRA
2026-09-21 21:20,GMBnFdJAGUc,5134641,継続マイルストーン,乗客員,@からあげ-h9y,UCpg7yRfAob642ote9SzKkEw,67,Member for 67 months
2026-09-21 21:20,GMBnFdJAGUc,7113559,継続マイルストーン,乗客員,@ttamo,UC53I19nYVf_txdoNz4TPFXQ,30,Member for 30 months
