video_id,start_jst,title,kind,members_only,view_count,duration_min,chatters,member_chatters,member_ratio_pct,messages,member_messages,new_members,rejoins,milestones,gift_purchases,gifted_total,gift_redemptions,superchats
a31jxUgzJ4M,2026-09-08 20:01,【#にじ遊戯王祭2026】練習開始✨まずは粛声デッキについて勉強＆パック開封するよ👀【梢桃音/にじさんじ】,配信,,140137,333,1006,191,19.0,31918,13027,0,1,5,0,0,0,136
OY0Yb5OsjiI,2026-09-09 09:00,【朝活】寝起きほやほやで月見マフィン食べてみよう🍳【にじさんじ/梢桃音】,配信,,24703,127,382,133,34.8,4676,2798,0,0,3,0,0,0,29
xkkCfiFyuvg,2026-09-10 22:02,【#にじ遊戯王祭2026】デッキ回してみたりして調整するよ👀✨【梢桃音/にじさんじ】,配信,,64164,219,518,147,28.4,11281,6461,4,0,2,1,10,10,86
gSzNRmvMFEE,2026-09-11 21:02,【同時視聴】完全初見🔰Fate/stay night [Unlimited Blade Works]4話～8話【にじさんじ/梢桃音】,配信,,6704,6,150,76,50.7,694,489,0,0,0,0,0,0,0
Wy14QAUi8bc,2026-09-11 21:10,【同時視聴】完全初見🔰Fate/stay night [Unlimited Blade Works]4話～9話【にじさんじ/梢桃音】,配信,,41223,203,315,109,34.6,14173,8935,0,0,3,0,0,0,41
AwfTU_vrJS4,2026-09-12 12:06,【#にじ遊戯王祭2026】視聴者参加型でデッキを回す練習がしたい✏️【梢桃音/にじさんじ】,配信,,62357,237,496,135,27.2,11764,5959,0,1,0,0,0,0,60
a8GcF0bXVG4,2026-09-15 22:31,【晩酌】おやすみ前にちるちる酒飲み雑談🌃🍶【にじさんじ/梢桃音】,配信,,32832,251,453,224,49.4,11485,9365,2,1,10,2,11,11,105
WFMvl_uaVC0,2026-09-16 12:02,【#にじ遊戯王祭2026】ゆっくり練習する！！！✏️【梢桃音/にじさんじ】,配信,,27374,172,228,107,46.9,2912,1975,1,0,0,0,0,0,12
4nNL1O_Xrfg,2026-09-16 21:01,【同時視聴】完全初見🔰Fate/stay night [Unlimited Blade Works]10話～11話【にじさんじ/梢桃音】,配信,,16299,72,267,100,37.5,5024,3318,0,0,0,0,0,0,9
C5dr-c4mKTc,2026-09-16 22:13,【同時視聴】完全初見🔰Fate/stay night [Unlimited Blade Works]12話～15話【にじさんじ/梢桃音】,配信,,24348,199,304,102,33.6,13030,8238,0,0,0,0,0,0,16
qVQ7KOUpUSU,2026-09-17 12:01,【食】はじめてのビリヤニ🍛🥄【にじさんじ/梢桃音】,配信,,22278,128,360,118,32.8,5232,3373,0,0,0,0,0,0,53
n3NPHVx15mA,2026-09-17 21:02,【#にじ遊戯王祭2026】チーム4顔合わせ！【梢桃音/にじさんじ】,配信,,46938,256,416,161,38.7,9399,6151,0,0,1,0,0,0,28
h09ZFSMcsvU,2026-09-18 18:01,【#にじ遊戯王祭2026】デッキの調整と練習するよ👀【梢桃音/にじさんじ】,配信,,33963,244,432,124,28.7,10560,5556,0,0,4,1,1,1,89
YIQ3jT371cM,2026-09-19 12:00,【#にじ遊戯王祭2026】視聴者さん参加型で練習したい！！✨【梢桃音/にじさんじ】,配信,,38256,413,380,122,32.1,9668,4701,2,0,2,0,0,0,66
7UJVevkHcHo,2026-09-20 19:01,【#にじ遊戯王祭2026】まだまだ練習するよ！！！✨【梢桃音/にじさんじ】,配信,,22505,333,288,123,42.7,7860,4968,0,0,0,0,0,0,70
B11OoEcVB8I,2026-09-21 14:00,【#にじ遊戯王祭2026】大会本番🔥頑張る！！！！！予選Aリーグチーム4【梢桃音/にじさんじ】,配信,,73056,464,638,206,32.3,17951,13102,1,0,3,0,0,0,71
OgejtwTuCyQ,2026-09-23 09:00,【朝】ゆったりコーヒーでも飲みながら話そう☕💭【にじさんじ/梢桃音】,配信,,42776,216,613,191,31.2,12207,7799,2,0,4,0,0,0,63
Q29c2-UjU1M,2026-09-25 23:03,#にじ遊戯王2026  の雪辱を果たし配信🔥長尾先輩と決闘するよ✊🏻【梢桃音/にじさんじ】,配信,,73806,127,726,200,27.5,13996,7364,1,0,1,1,10,10,41
vhb058idjbA,2026-09-26 12:00,【妹に運転を教える】運転ならもねちに任せてよ✊🏻✨【にじさんじ/梢桃音】,配信,,39082,178,561,186,33.2,9516,5534,0,0,0,0,0,0,32
0L7jwmfYp10,2026-09-26 21:00,#ふぃことりすた のみんなでめっちゃカメレオン🐤⭐【にじさんじ/梢桃音視点】,配信,,14673,84,197,125,63.5,3373,2990,0,0,0,0,0,0,1
AIvuuFfnaD0,2026-09-27 21:00,【同時視聴】完全初見🔰Fate/stay night [Unlimited Blade Works]16話から21話まで！【にじさんじ/梢桃音】,配信,,41139,252,371,112,30.2,15973,9866,1,0,3,0,0,0,77
7tPIyFEvZuo,2026-09-28 18:01,【🎃🍂🧶】もう秋だねって雑談【にじさんじ/梢桃音】,配信,,29394,151,381,174,45.7,6425,4628,0,0,3,0,0,0,26
z7nvxm2Oi8A,2026-09-30 23:01,【Leaf it Alone】深夜のChill🍂秋の夜長はまったり落ち葉掃除【にじさんじ/梢桃音】,配信,,20978,140,315,175,55.6,7179,5558,4,0,1,0,0,0,40
6eNcLGrNHxU,2026-10-01 12:00,【月見】KFCのとろーり月見食べる🤤🌕🍔【にじさんじ/梢桃音】,配信,,14618,101,236,115,48.7,3088,2230,0,0,0,0,0,0,23
sInLFNSUfsE,2026-10-02 18:02,【BOMBANANA!】あやかきの酒飲み組で爆弾解除🍻💣💥【にじさんじ/梢桃音視点】,配信,,22040,173,229,139,60.7,6001,4696,0,0,0,0,0,0,7
eQMz4Z8YnnI,2026-10-02 22:14,【舞台同時視聴】TRUMPシリーズ『マリオネットホテル』一緒に見ようの会🛎️【にじさんじ/梢桃音】,配信,,9731,202,91,65,71.4,3601,3310,0,0,0,0,0,0,2
5IY54JvJOSc,2026-10-04 19:01,【初代ルイージマンション】完全初見👀兄さん！出てきてくれないとルイージ帰るよ😡【にじさんじ/梢桃音】,配信,,24285,306,308,166,53.9,11845,9696,1,1,11,0,0,0,103
kf8qhri3BMI,2026-10-06 20:00,【つぐのひ -天招ねく救いの糸-】あの頃の帰り道一緒に歩こう【にじさんじ/梢桃音】,配信,,3461,109,191,136,71.2,5660,4842,0,0,8,3,3,3,0
