video_id,start_jst,title,kind,members_only,view_count,duration_min,chatters,member_chatters,member_ratio_pct,messages,member_messages,new_members,rejoins,milestones,gift_purchases,gifted_total,gift_redemptions,superchats
wVpJvLpRLn4,2026-09-11 19:00,【Vlog】激ゆるBBQ with KNT、星導、ばっさー【セラフ・ダズルガーデン/にじさんじ】,プレミア,,487163,21,521,187,35.9,5353,2292,0,0,0,0,0,0,2
r4AZyya86b0,2026-09-12 18:59,【楽団V!VO】スタジオ練習会／課題曲：スパークル【セラフ・ダズルガーデン/にじさんじ】,配信,,84976,141,515,261,50.7,7756,4437,1,0,3,0,0,0,10
06c7tHrQgUc,2026-09-13 14:00,【#NIJIRhythmParade】音楽と共に！あなたと共に！【セラフ・ダズルガーデン/にじさんじ】,配信,,109224,31,1108,697,62.9,11746,8556,2,0,12,2,40,40,103
yzCsN9u40fM,2026-09-16 23:38,【球ひろいSimulator】入門して5年は球拾い。技は見て盗め。【セラフ・ダズルガーデン/にじさんじ】,配信,,48983,66,506,369,72.9,9100,7598,0,0,3,0,0,0,13
sX7Q_DwuihM,2026-09-19 18:59,【サッカー同時視聴】FC東京VS名古屋グランパス【セラフ・ダズルガーデン/にじさんじ】,配信,,32316,128,227,175,77.1,2957,2816,0,0,1,0,0,0,18
B_mhLap_IkU,2026-09-21 23:16,【狂い咲き】ネタホラーで話題の作者のガチホラゲー！？【セラフ・ダズルガーデン/にじさんじ】,配信,,57133,181,646,464,71.8,19478,15213,1,0,16,0,0,0,29
M2xj6gn3aYg,2026-09-23 14:31,【開かない。ランドリー】奇妙なランドリーが舞台の短編ホラゲー【セラフ・ダズルガーデン/にじさんじ】,配信,,36698,42,436,297,68.1,5356,4093,0,0,2,0,0,0,22
NDBDPwtcRcU,2026-09-24 19:03,【サッカー同時視聴】日本代表VSウルグアイ代表【セラフ・ダズルガーデン/にじさんじ】,配信,,31659,130,279,195,69.9,4139,3199,0,1,0,0,0,0,19
CvHJkKNUTh8,2026-09-26 21:00,【オンライン謎解き】にじさんじ謎解き大好きっ子クラブ結成！#VRINQトラブル配信脱出【セラフ・ダズルガーデン/健屋花那/鏑木ろこ/にじさんじ】,配信,,52462,166,402,290,72.1,9080,7666,0,0,2,0,0,0,13
SfGANF8Cm3U,2026-09-27 18:02,【雑談】仕事が巻いて終わったので次の予定まで少し時間ができた人【セラフ・ダズルガーデン/にじさんじ】,配信,,38370,53,490,354,72.2,6303,5434,0,1,7,0,0,0,25
YkPF7cTIda8,2026-09-28 22:31,【Snowed Under | 雪葬】雪かきをしたら良いものから悪いものまで全部出てくるホラーゲーム【セラフ・ダズルガーデン/にじさんじ】,配信,,72003,226,508,365,71.9,16232,13786,1,0,6,0,0,0,18
FSMwcObc13Y,2026-10-08 00:00,【雑談】買ってよかったもの発表ザウルス【セラフ・ダズルガーデン/にじさんじ】,配信,,29907,,556,452,81.3,9165,7991,6,1,13,1,20,20,33
dl5vZLKyRbs,2026-10-09 00:00,【タンポポは耐える。】どんな困難にも負けないタンポポのゲーム【セラフ・ダズルガーデン/にじさんじ】,配信,,25899,,425,333,78.4,6467,5555,0,0,3,1,20,20,20
